priority,issue_type,suggested_action,tag_example,row,country,store,status,note,google_name,google_link,detail
中,Google门店名过泛,确认链接真实后，在 E 列补成人工可识别名称，如 Cotti Coffee - 商场/街道,,2,加拿大,3175 Rutherford Rd,已查询,,Cotti Coffee,"https://www.google.com/maps/place/Cotti+Coffee/@43.8280793,-79.5371401,17z/data=!3m1!4b1!4m6!3m5!1s0x882b2f85937f3a1d:0x762576c7c5640c1b!8m2!3d43.8280793!4d-79.5371401!16s%2Fg%2F11z3w8gdb1?entry=ttu&g_ep=EgoyMDI2MDUxMy4wIKXMDSoASAFQAw%3D%3D",名称只有品牌词，无法辅助判断是否同店
中,Google门店名过泛,确认链接真实后，在 E 列补成人工可识别名称，如 Cotti Coffee - 商场/街道,,3,加拿大,374 Yonge st,已查询,,COTTI COFFEE,"https://www.google.com/maps/place/COTTI+COFFEE/@43.6588244,-79.3821355,17z/data=!3m1!4b1!4m6!3m5!1s0x882b3561a1bf4c89:0xde0a2caed996c678!8m2!3d43.6588244!4d-79.3821355!16s%2Fg%2F11v6stqb51?entry=ttu&g_ep=EgoyMDI2MDUxNy4wIKXMDSoASAFQAw%3D%3D",名称只有品牌词，无法辅助判断是否同店
中,Google门店名过泛,确认链接真实后，在 E 列补成人工可识别名称，如 Cotti Coffee - 商场/街道,,5,加拿大,70 Valleywood Dr,已查询,,Cotti Coffee,"https://www.google.com/maps/place/Cotti+Coffee/@43.8549666,-79.3657325,17z/data=!3m1!4b1!4m6!3m5!1s0x89d4d5734047a1b5:0x49a461fd63afbdde!8m2!3d43.8549666!4d-79.3657325!16s%2Fg%2F11z1_64yc4?entry=ttu&g_ep=EgoyMDI2MDUxMy4wIKXMDSoASAFQAw%3D%3D",名称只有品牌词，无法辅助判断是否同店
中,Google门店名过泛,确认链接真实后，在 E 列补成人工可识别名称，如 Cotti Coffee - 商场/街道,,6,加拿大,9125 Airport Rd,已查询,,Cotti Coffee,"https://www.google.com/maps/place/Cotti+Coffee/@43.7464955,-79.6977111,17z/data=!3m1!4b1!4m6!3m5!1s0x882b3d4dc34a68b3:0xbe9d44616e89fbf8!8m2!3d43.7464955!4d-79.6977111!16s%2Fg%2F11ys20xnsv?entry=ttu&g_ep=EgoyMDI2MDUxMy4wIKXMDSoASAFQAw%3D%3D",名称只有品牌词，无法辅助判断是否同店
中,Google门店名过泛,确认链接真实后，在 E 列补成人工可识别名称，如 Cotti Coffee - 商场/街道,,7,加拿大,Bay & Gerrard,已查询,,Cotti Coffee,"https://www.google.com/maps/place/Cotti+Coffee/@43.6581592,-79.4680881,12z/data=!3m1!5s0x882b34cb16c0c26d:0x3b0f69d20016df18!4m10!1m2!2m1!1sCotti+Coffee+Bay+%26+Gerrard+Canada!3m6!1s0x882b3532ebcac409:0x4efb0687cdfc0b40!8m2!3d43.6581592!4d-79.3856906!15sCiFDb3R0aSBDb2ZmZWUgQmF5ICYgR2VycmFyZCBDYW5hZGFaIyIhY290dGkgY29mZmVlIGJheSAmIGdlcnJhcmQgY2FuYWRhkgELY29mZmVlX3Nob3CaAURDaTlEUVVsUlFVTnZaRU5vZEhsalJqbHZUMnhzYjJGRVZsSlBSR1JQVjFWR2IwNUZZekJZTVU1S1lrTXdNMUpWUlJBQuABAPoBBQiHBBAj!16s%2Fg%2F11l1ykmqcb?entry=ttu&g_ep=EgoyMDI2MDUxMy4wIKXMDSoASAFQAw%3D%3D",名称只有品牌词，无法辅助判断是否同店
中,Google门店名过泛,确认链接真实后，在 E 列补成人工可识别名称，如 Cotti Coffee - 商场/街道,,8,加拿大,Cherryhill Village Mall,已查询,,Cotti Coffee,"https://www.google.com/maps/place/Cotti+Coffee/@42.9902397,-81.2777359,17z/data=!3m1!4b1!4m6!3m5!1s0x882ef1004c5e1a7b:0x867846002a1e186!8m2!3d42.9902358!4d-81.275161!16s%2Fg%2F11n3kph43m?entry=ttu&g_ep=EgoyMDI2MDUxMy4wIKXMDSoASAFQAw%3D%3D",名称只有品牌词，无法辅助判断是否同店
中,Google门店名过泛,确认链接真实后，在 E 列补成人工可识别名称，如 Cotti Coffee - 商场/街道,,9,加拿大,Dufferin Mall,已查询,,Cotti Coffee,"https://www.google.com/maps/place/Cotti+Coffee/@43.6562281,-79.4381522,17z/data=!3m1!4b1!4m6!3m5!1s0x882b35f62a0f9873:0xe89f91859bc17325!8m2!3d43.6562242!4d-79.4355773!16s%2Fg%2F11z2357njj?entry=ttu&g_ep=EgoyMDI2MDUxMy4wIKXMDSoASAFQAw%3D%3D",名称只有品牌词，无法辅助判断是否同店
中,Google门店名过泛,确认链接真实后，在 E 列补成人工可识别名称，如 Cotti Coffee - 商场/街道,,10,加拿大,Fairview Mall,已查询,搜索结果第一条命中，建议抽查,COTTI COFFEE,https://www.google.com/maps/search/Cotti+Coffee+Fairview+Mall+Canada,名称只有品牌词，无法辅助判断是否同店
低,搜索链接,低优先级：有空再把 search 链接换成真实 /maps/place/ 链接,,10,加拿大,Fairview Mall,已查询,搜索结果第一条命中，建议抽查,COTTI COFFEE,https://www.google.com/maps/search/Cotti+Coffee+Fairview+Mall+Canada,建议人工确认真实 place 链接
中,Google门店名过泛,确认链接真实后，在 E 列补成人工可识别名称，如 Cotti Coffee - 商场/街道,,11,加拿大,Golden Square,已查询,,Cotti Coffee,"https://www.google.com/maps/place/Cotti+Coffee/@43.567757,-79.6641189,17z/data=!3m2!4b1!5s0x882b414885908471:0x47d4351feb8915d2!4m6!3m5!1s0x882b41389f9f0311:0xa55ea54bdc624d39!8m2!3d43.567757!4d-79.661544!16s%2Fg%2F11m6h61nl6?entry=ttu&g_ep=EgoyMDI2MDUxMy4wIKXMDSoASAFQAw%3D%3D",名称只有品牌词，无法辅助判断是否同店
中,Google门店名过泛,确认链接真实后，在 E 列补成人工可识别名称，如 Cotti Coffee - 商场/街道,,12,加拿大,Hillcrest Mall,已查询,搜索结果第一条命中，建议抽查,Cotti Coffee,https://www.google.com/maps/search/Cotti+Coffee+Hillcrest+Mall+Canada,名称只有品牌词，无法辅助判断是否同店
低,搜索链接,低优先级：有空再把 search 链接换成真实 /maps/place/ 链接,,12,加拿大,Hillcrest Mall,已查询,搜索结果第一条命中，建议抽查,Cotti Coffee,https://www.google.com/maps/search/Cotti+Coffee+Hillcrest+Mall+Canada,建议人工确认真实 place 链接
中,Google门店名过泛,确认链接真实后，在 E 列补成人工可识别名称，如 Cotti Coffee - 商场/街道,,13,加拿大,Lansdowne Centre,已查询,搜索结果第一条命中，建议抽查,Cotti Coffee,https://www.google.com/maps/search/Cotti+Coffee+Lansdowne+Centre+Canada,名称只有品牌词，无法辅助判断是否同店
低,搜索链接,低优先级：有空再把 search 链接换成真实 /maps/place/ 链接,,13,加拿大,Lansdowne Centre,已查询,搜索结果第一条命中，建议抽查,Cotti Coffee,https://www.google.com/maps/search/Cotti+Coffee+Lansdowne+Centre+Canada,建议人工确认真实 place 链接
中,Google门店名过泛,确认链接真实后，在 E 列补成人工可识别名称，如 Cotti Coffee - 商场/街道,,14,加拿大,Lougheed Shopping Centre,已查询,搜索结果第一条命中，建议抽查,Cotti Coffee,https://www.google.com/maps/search/Cotti+Coffee+Lougheed+Shopping+Centre+Canada,名称只有品牌词，无法辅助判断是否同店
低,搜索链接,低优先级：有空再把 search 链接换成真实 /maps/place/ 链接,,14,加拿大,Lougheed Shopping Centre,已查询,搜索结果第一条命中，建议抽查,Cotti Coffee,https://www.google.com/maps/search/Cotti+Coffee+Lougheed+Shopping+Centre+Canada,建议人工确认真实 place 链接
中,Google门店名过泛,确认链接真实后，在 E 列补成人工可识别名称，如 Cotti Coffee - 商场/街道,,15,加拿大,Markville Mall,已查询,搜索结果第一条命中，建议抽查,Cotti Coffee,https://www.google.com/maps/search/Cotti+Coffee+Markville+Mall+Canada,名称只有品牌词，无法辅助判断是否同店
低,搜索链接,低优先级：有空再把 search 链接换成真实 /maps/place/ 链接,,15,加拿大,Markville Mall,已查询,搜索结果第一条命中，建议抽查,Cotti Coffee,https://www.google.com/maps/search/Cotti+Coffee+Markville+Mall+Canada,建议人工确认真实 place 链接
中,Google门店名过泛,确认链接真实后，在 E 列补成人工可识别名称，如 Cotti Coffee - 商场/街道,,16,加拿大,Midland & Finch,已查询,搜索结果第一条命中，建议抽查,Cotti Coffee,https://www.google.com/maps/search/Cotti+Coffee+Midland+%26+Finch+Canada,名称只有品牌词，无法辅助判断是否同店
低,搜索链接,低优先级：有空再把 search 链接换成真实 /maps/place/ 链接,,16,加拿大,Midland & Finch,已查询,搜索结果第一条命中，建议抽查,Cotti Coffee,https://www.google.com/maps/search/Cotti+Coffee+Midland+%26+Finch+Canada,建议人工确认真实 place 链接
中,Google门店名过泛,确认链接真实后，在 E 列补成人工可识别名称，如 Cotti Coffee - 商场/街道,,18,加拿大,The Well,已查询,,COTTI COFFEE,"https://www.google.com/maps/place/COTTI+COFFEE/@43.6588244,-79.3821355,17z/data=!3m1!4b1!4m6!3m5!1s0x882b3561a1bf4c89:0xde0a2caed996c678!8m2!3d43.6588244!4d-79.3821355!16s%2Fg%2F11v6stqb51?entry=ttu&g_ep=EgoyMDI2MDUxNy4wIKXMDSoASAFQAw%3D%3D",名称只有品牌词，无法辅助判断是否同店
低,搜索链接,低优先级：有空再把 search 链接换成真实 /maps/place/ 链接,,19,美国,345 7th Ave,已查询,搜索结果第一条命中，建议抽查,Cotti Coffee - Penn Station,https://www.google.com/maps/search/Cotti+Coffee+345+7th+Ave+United+States,建议人工确认真实 place 链接
低,搜索链接,低优先级：有空再把 search 链接换成真实 /maps/place/ 链接,,20,美国,54st Brooklyn,已查询,搜索结果第一条命中，建议抽查,Cotti Coffee - Sunset Park,https://www.google.com/maps/search/Cotti+Coffee+54st+Brooklyn+United+States,建议人工确认真实 place 链接
低,搜索链接,低优先级：有空再把 search 链接换成真实 /maps/place/ 链接,,22,美国,86st Brooklyn,已查询,搜索结果第一条命中，建议抽查,Cotti Coffee - Bensonhurst,https://www.google.com/maps/search/Cotti+Coffee+86st+Brooklyn+United+States,建议人工确认真实 place 链接
低,暂无评分评论,无需补评分；保留真实 place 链接，并在备注保留 【confirmed:no_reviews】,【confirmed:no_reviews】真实门店，暂无评分评论,23,美国,Botan Sushi,暂无评分评论,【confirmed:no_reviews】真实门店，暂无评分评论,Cotti Coffee - Botan Sushi,"https://www.google.com/maps/place/Cotti+Coffee+-+Botan+Sushi/@33.6496634,-117.834787,17z/data=!4m7!3m6!1s0x80dcdf0066decceb:0x81730d863bc1358a!8m2!3d33.649659!4d-117.8322121!15sChFCb3RhbiBTdXNoaSBjb3R0aVoTIhFib3RhbiBzdXNoaSBjb3R0aZIBC2NvZmZlZV9zaG9w4AEA!16s%2Fg%2F11yrl89l_p?entry=tts&g_ep=EgoyMDI2MDUyMC4wIPu8ASoASAFQAw%3D%3D&skid=1de6f296-b444-4689-86c1-684d350eaa99",已人工标记为 暂无评分评论；后续周更会继续尝试但不作为高优先级失败
高,需人工核对,打开 Google Maps，确认真实门店；真实则补 /maps/place/ 链接，不真实则备注 【reject:原因】,真实则补 place 链接；错误则写 【reject:原因】,24,美国,Chinatown Chicago,需人工核对,【reject】门店名称疑似误命中：Chinatown,,https://www.google.com/maps/search/Chinatown+Chicago+United+States,当前状态需要人工确认
高,reject备注,确认这是错误候选；保留 【reject:原因】，周更会同步进负样本库,【reject:误命中】,24,美国,Chinatown Chicago,需人工核对,【reject】门店名称疑似误命中：Chinatown,,https://www.google.com/maps/search/Chinatown+Chicago+United+States,请确认是否已进入负样本库
低,搜索链接,低优先级：有空再把 search 链接换成真实 /maps/place/ 链接,,24,美国,Chinatown Chicago,需人工核对,【reject】门店名称疑似误命中：Chinatown,,https://www.google.com/maps/search/Chinatown+Chicago+United+States,建议人工确认真实 place 链接
低,搜索链接,低优先级：有空再把 search 链接换成真实 /maps/place/ 链接,,25,美国,Cobble Hill,已查询,搜索结果第一条命中，建议抽查,Cotti Coffee - Cobble Hill,https://www.google.com/maps/search/Cotti+Coffee+Cobble+Hill+United+States,建议人工确认真实 place 链接
低,搜索链接,低优先级：有空再把 search 链接换成真实 /maps/place/ 链接,,26,美国,Loop Chicago,已查询,搜索结果第一条命中，建议抽查,Cotti Coffee - Loop Chicago,https://www.google.com/maps/search/Cotti+Coffee+Loop+Chicago+United+States,建议人工确认真实 place 链接
低,搜索链接,低优先级：有空再把 search 链接换成真实 /maps/place/ 链接,,27,美国,MTSU,已查询,搜索结果第一条命中，建议抽查,Cotti Coffee - MTSU,https://www.google.com/maps/search/Cotti+Coffee+MTSU+United+States,建议人工确认真实 place 链接
高,需人工核对,打开 Google Maps，确认真实门店；真实则补 /maps/place/ 链接，不真实则备注 【reject:原因】,真实则补 place 链接；错误则写 【reject:原因】,28,美国,NYSoho,需人工核对,未能从页面可见文本解析到评分与评论数；HTTP兜底无可用结构化数据,Cotti Coffee - Botan Sushi,"https://www.google.com/maps/place/Cotti+Coffee+-+Botan+Sushi/@33.6496634,-117.834787,17z/data=!4m7!3m6!1s0x80dcdf0066decceb:0x81730d863bc1358a!8m2!3d33.649659!4d-117.8322121!15sChFCb3RhbiBTdXNoaSBjb3R0aVoTIhFib3RhbiBzdXNoaSBjb3R0aZIBC2NvZmZlZV9zaG9w4AEA!16s%2Fg%2F11yrl89l_p?entry=tts&g_ep=EgoyMDI2MDUyMC4wIPu8ASoASAFQAw%3D%3D&skid=1de6f296-b444-4689-86c1-684d350eaa99",当前状态需要人工确认
低,搜索链接,低优先级：有空再把 search 链接换成真实 /maps/place/ 链接,,29,美国,New Dorp,已查询,搜索结果第一条命中，建议抽查,Cotti Coffee 庫迪咖啡-New Dorp,https://www.google.com/maps/search/Cotti+Coffee+New+Dorp+United+States,建议人工确认真实 place 链接
低,搜索链接,低优先级：有空再把 search 链接换成真实 /maps/place/ 链接,,30,美国,Newport Ave Tustin,已查询,搜索结果第一条命中，建议抽查,Cotti Coffee - Tustin,https://www.google.com/maps/search/Cotti+Coffee+Newport+Ave+Tustin+United+States,建议人工确认真实 place 链接
低,搜索链接,低优先级：有空再把 search 链接换成真实 /maps/place/ 链接,,31,美国,Northwestern University,已查询,搜索结果第一条命中，建议抽查,Cotti Coffee - Northwestern University,https://www.google.com/maps/search/Cotti+Coffee+Northwestern+University+United+States,建议人工确认真实 place 链接
低,搜索链接,低优先级：有空再把 search 链接换成真实 /maps/place/ 链接,,33,美国,PEARL HIGHLANDS,已查询,搜索结果第一条命中，建议抽查,COTTI COFFEE-PEARL HIGHLANDS,https://www.google.com/maps/search/Cotti+Coffee+PEARL+HIGHLANDS+United+States,建议人工确认真实 place 链接
高,需人工核对,打开 Google Maps，确认真实门店；真实则补 /maps/place/ 链接，不真实则备注 【reject:原因】,真实则补 place 链接；错误则写 【reject:原因】,36,美国,Valley/Abbot San Gabriel,需人工核对,【reject】评论数异常暴增（原 99 → 本次 225），疑似误命中商场/其它POI,COTTI COFFEE,https://www.google.com/maps/search/Cotti+Coffee+Valley%2FAbbot+San+Gabriel+United+States,当前状态需要人工确认
高,reject备注,确认这是错误候选；保留 【reject:原因】，周更会同步进负样本库,【reject:误命中】,36,美国,Valley/Abbot San Gabriel,需人工核对,【reject】评论数异常暴增（原 99 → 本次 225），疑似误命中商场/其它POI,COTTI COFFEE,https://www.google.com/maps/search/Cotti+Coffee+Valley%2FAbbot+San+Gabriel+United+States,请确认是否已进入负样本库
中,Google门店名过泛,确认链接真实后，在 E 列补成人工可识别名称，如 Cotti Coffee - 商场/街道,,36,美国,Valley/Abbot San Gabriel,需人工核对,【reject】评论数异常暴增（原 99 → 本次 225），疑似误命中商场/其它POI,COTTI COFFEE,https://www.google.com/maps/search/Cotti+Coffee+Valley%2FAbbot+San+Gabriel+United+States,名称只有品牌词，无法辅助判断是否同店
低,搜索链接,低优先级：有空再把 search 链接换成真实 /maps/place/ 链接,,36,美国,Valley/Abbot San Gabriel,需人工核对,【reject】评论数异常暴增（原 99 → 本次 225），疑似误命中商场/其它POI,COTTI COFFEE,https://www.google.com/maps/search/Cotti+Coffee+Valley%2FAbbot+San+Gabriel+United+States,建议人工确认真实 place 链接
中,Google门店名过泛,确认链接真实后，在 E 列补成人工可识别名称，如 Cotti Coffee - 商场/街道,,37,美国,W 23rd street,已查询,搜索结果第一条命中，建议抽查,Cotti Coffee,https://www.google.com/maps/search/Cotti+Coffee+W+23rd+street+United+States,名称只有品牌词，无法辅助判断是否同店
低,搜索链接,低优先级：有空再把 search 链接换成真实 /maps/place/ 链接,,37,美国,W 23rd street,已查询,搜索结果第一条命中，建议抽查,Cotti Coffee,https://www.google.com/maps/search/Cotti+Coffee+W+23rd+street+United+States,建议人工确认真实 place 链接
高,需人工核对,打开 Google Maps，确认真实门店；真实则补 /maps/place/ 链接，不真实则备注 【reject:原因】,真实则补 place 链接；错误则写 【reject:原因】,38,美国,Washington DC Convention Center,需人工核对,【reject】评论数异常暴增（原 51 → 本次 9243），疑似误命中商场/其它POI,Cotti Coffee,https://www.google.com/maps/search/Cotti+Coffee+Washington+DC+Convention+Center+United+States,当前状态需要人工确认
高,reject备注,确认这是错误候选；保留 【reject:原因】，周更会同步进负样本库,【reject:误命中】,38,美国,Washington DC Convention Center,需人工核对,【reject】评论数异常暴增（原 51 → 本次 9243），疑似误命中商场/其它POI,Cotti Coffee,https://www.google.com/maps/search/Cotti+Coffee+Washington+DC+Convention+Center+United+States,请确认是否已进入负样本库
中,Google门店名过泛,确认链接真实后，在 E 列补成人工可识别名称，如 Cotti Coffee - 商场/街道,,38,美国,Washington DC Convention Center,需人工核对,【reject】评论数异常暴增（原 51 → 本次 9243），疑似误命中商场/其它POI,Cotti Coffee,https://www.google.com/maps/search/Cotti+Coffee+Washington+DC+Convention+Center+United+States,名称只有品牌词，无法辅助判断是否同店
低,搜索链接,低优先级：有空再把 search 链接换成真实 /maps/place/ 链接,,38,美国,Washington DC Convention Center,需人工核对,【reject】评论数异常暴增（原 51 → 本次 9243），疑似误命中商场/其它POI,Cotti Coffee,https://www.google.com/maps/search/Cotti+Coffee+Washington+DC+Convention+Center+United+States,建议人工确认真实 place 链接
低,搜索链接,低优先级：有空再把 search 链接换成真实 /maps/place/ 链接,,39,美国,Williamsburg,已查询,搜索结果第一条命中，建议抽查,Cotti Coffee - Williamsburg,https://www.google.com/maps/search/Cotti+Coffee+Williamsburg+United+States,建议人工确认真实 place 链接
低,搜索链接,低优先级：有空再把 search 链接换成真实 /maps/place/ 链接,,40,美国,golden mall flushing,已查询,搜索结果第一条命中，建议抽查,Cotti Coffee 库迪咖啡 - golden mall flushing,https://www.google.com/maps/search/Cotti+Coffee+golden+mall+flushing+United+States,建议人工确认真实 place 链接
低,搜索链接,低优先级：有空再把 search 链接换成真实 /maps/place/ 链接,,41,德国,Altstadt,已查询,搜索结果第一条命中，建议抽查,Cotti Coffee - Altstadt,https://www.google.com/maps/search/Cotti+Coffee+Altstadt+Germany,建议人工确认真实 place 链接
低,搜索链接,低优先级：有空再把 search 链接换成真实 /maps/place/ 链接,,42,德国,Altstadt Spandau,已查询,搜索结果第一条命中，建议抽查,Cotti Coffee – Altstadt Spandau,https://www.google.com/maps/search/Cotti+Coffee+Altstadt+Spandau+Germany,建议人工确认真实 place 链接
中,Google门店名过泛,确认链接真实后，在 E 列补成人工可识别名称，如 Cotti Coffee - 商场/街道,,43,德国,Bonner Strasse,已查询,搜索结果第一条命中，建议抽查,Cotti Coffee,https://www.google.com/maps/search/Cotti+Coffee+Bonner+Strasse+Germany,名称只有品牌词，无法辅助判断是否同店
低,搜索链接,低优先级：有空再把 search 链接换成真实 /maps/place/ 链接,,43,德国,Bonner Strasse,已查询,搜索结果第一条命中，建议抽查,Cotti Coffee,https://www.google.com/maps/search/Cotti+Coffee+Bonner+Strasse+Germany,建议人工确认真实 place 链接
低,搜索链接,低优先级：有空再把 search 链接换成真实 /maps/place/ 链接,,44,德国,Friedrichstr. Bhf,已查询,搜索结果第一条命中，建议抽查,Cotti Coffee - Friedrichstr. Bhf,https://www.google.com/maps/search/Cotti+Coffee+Friedrichstr.+Bhf+Germany,建议人工确认真实 place 链接
低,搜索链接,低优先级：有空再把 search 链接换成真实 /maps/place/ 链接,,45,德国,Kölner Dom,已查询,搜索结果第一条命中，建议抽查,Cotti Coffee - Hohe Straße/Kölner Dom,https://www.google.com/maps/search/Cotti+Coffee+K%C3%B6lner+Dom+Germany,建议人工确认真实 place 链接
低,搜索链接,低优先级：有空再把 search 链接换成真实 /maps/place/ 链接,,46,德国,Königshof Essen,已查询,搜索结果第一条命中，建议抽查,Cotti Coffee - Königshof Essen,https://www.google.com/maps/search/Cotti+Coffee+K%C3%B6nigshof+Essen+Germany,建议人工确认真实 place 链接
低,搜索链接,低优先级：有空再把 search 链接换成真实 /maps/place/ 链接,,47,德国,Lange Reihe,已查询,搜索结果第一条命中，建议抽查,Cotti Coffee - Lange Reihe,https://www.google.com/maps/search/Cotti+Coffee+Lange+Reihe+Germany,建议人工确认真实 place 链接
低,搜索链接,低优先级：有空再把 search 链接换成真实 /maps/place/ 链接,,48,德国,Leipziger Platz,已查询,搜索结果第一条命中，建议抽查,Cotti Coffee - Leipziger Platz,https://www.google.com/maps/search/Cotti+Coffee+Leipziger+Platz+Germany,建议人工确认真实 place 链接
低,搜索链接,低优先级：有空再把 search 链接换成真实 /maps/place/ 链接,,49,德国,Mönchengladbach,已查询,搜索结果第一条命中，建议抽查,Cotti Coffee - Mönchengladbach,https://www.google.com/maps/search/Cotti+Coffee+M%C3%B6nchengladbach+Germany,建议人工确认真实 place 链接
低,搜索链接,低优先级：有空再把 search 链接换成真实 /maps/place/ 链接,,50,德国,Opern Passagen,已查询,搜索结果第一条命中，建议抽查,Cotti Coffee - Opern Passagen,https://www.google.com/maps/search/Cotti+Coffee+Opern+Passagen+Germany,建议人工确认真实 place 链接
低,搜索链接,低优先级：有空再把 search 链接换成真实 /maps/place/ 链接,,51,德国,Schultheiss Quartier,已查询,搜索结果第一条命中，建议抽查,Cotti Coffee - Schultheiss Quartier,https://www.google.com/maps/search/Cotti+Coffee+Schultheiss+Quartier+Germany,建议人工确认真实 place 链接
低,搜索链接,低优先级：有空再把 search 链接换成真实 /maps/place/ 链接,,52,德国,Uni Hamburg,已查询,搜索结果第一条命中，建议抽查,Cotti Coffee - Uni Hamburg,https://www.google.com/maps/search/Cotti+Coffee+Uni+Hamburg+Germany,建议人工确认真实 place 链接
高,需人工核对,打开 Google Maps，确认真实门店；真实则补 /maps/place/ 链接，不真实则备注 【reject:原因】,真实则补 place 链接；错误则写 【reject:原因】,53,比利时,Schuman,需人工核对,搜索结果第一条不确定（名称/地域与目标门店匹配度低）,Cotti Coffee,https://www.google.com/maps/search/Cotti+Coffee+Schuman+%E6%AF%94%E5%88%A9%E6%97%B6,当前状态需要人工确认
中,Google门店名过泛,确认链接真实后，在 E 列补成人工可识别名称，如 Cotti Coffee - 商场/街道,,53,比利时,Schuman,需人工核对,搜索结果第一条不确定（名称/地域与目标门店匹配度低）,Cotti Coffee,https://www.google.com/maps/search/Cotti+Coffee+Schuman+%E6%AF%94%E5%88%A9%E6%97%B6,名称只有品牌词，无法辅助判断是否同店
低,搜索链接,低优先级：有空再把 search 链接换成真实 /maps/place/ 链接,,53,比利时,Schuman,需人工核对,搜索结果第一条不确定（名称/地域与目标门店匹配度低）,Cotti Coffee,https://www.google.com/maps/search/Cotti+Coffee+Schuman+%E6%AF%94%E5%88%A9%E6%97%B6,建议人工确认真实 place 链接
低,搜索链接,低优先级：有空再把 search 链接换成真实 /maps/place/ 链接,,54,法国,Alésia,已查询,搜索结果第一条命中，建议抽查,Cotti Coffee - Alésia,https://www.google.com/maps/search/Cotti+Coffee+Al%C3%A9sia+France,建议人工确认真实 place 链接
低,搜索链接,低优先级：有空再把 search 链接换成真实 /maps/place/ 链接,,55,法国,Castellane,已查询,搜索结果第一条命中，建议抽查,Cotti Coffee - Castellane,https://www.google.com/maps/search/Cotti+Coffee+Castellane+France,建议人工确认真实 place 链接
高,需人工核对,打开 Google Maps，确认真实门店；真实则补 /maps/place/ 链接，不真实则备注 【reject:原因】,真实则补 place 链接；错误则写 【reject:原因】,56,法国,Haxo,需人工核对,搜索结果第一条不确定（名称/地域与目标门店匹配度低）,,https://www.google.com/maps/search/Cotti+Coffee+%22Haxo%22+Paris,当前状态需要人工确认
低,搜索链接,低优先级：有空再把 search 链接换成真实 /maps/place/ 链接,,56,法国,Haxo,需人工核对,搜索结果第一条不确定（名称/地域与目标门店匹配度低）,,https://www.google.com/maps/search/Cotti+Coffee+%22Haxo%22+Paris,建议人工确认真实 place 链接
低,搜索链接,低优先级：有空再把 search 链接换成真实 /maps/place/ 链接,,57,法国,La Défense Al. Arche,已查询,搜索结果第一条命中，建议抽查,Cotti Coffee - La Défense Al. Arche,https://www.google.com/maps/search/Cotti+Coffee+La+D%C3%A9fense+Al.+Arche+France,建议人工确认真实 place 链接
低,搜索链接,低优先级：有空再把 search 链接换成真实 /maps/place/ 链接,,58,法国,Mabillon,已查询,搜索结果第一条命中，建议抽查,Cotti Coffee - Mabillon,https://www.google.com/maps/search/Cotti+Coffee+Mabillon+France,建议人工确认真实 place 链接
低,搜索链接,低优先级：有空再把 search 链接换成真实 /maps/place/ 链接,,60,法国,Place d'Italie,已查询,搜索结果第一条命中，建议抽查；补漏query命中: Cotti Coffee Place d'Italie France,Cotti Coffee - Place d'Italie,https://www.google.com/maps/search/Cotti+Coffee+Place+d%27Italie+France,建议人工确认真实 place 链接
低,搜索链接,低优先级：有空再把 search 链接换成真实 /maps/place/ 链接,,62,法国,Saint-Placide,已查询,搜索结果第一条命中，建议抽查,Cotti Coffee - Saint-Placide,https://www.google.com/maps/search/Cotti+Coffee+Saint-Placide+France,建议人工确认真实 place 链接
低,搜索链接,低优先级：有空再把 search 链接换成真实 /maps/place/ 链接,,63,法国,Saint-Rome,已查询,搜索结果第一条命中，建议抽查,Cotti Coffee - Saint-Rome,https://www.google.com/maps/search/Cotti+Coffee+Saint-Rome+France,建议人工确认真实 place 链接
低,搜索链接,低优先级：有空再把 search 链接换成真实 /maps/place/ 链接,,64,法国,Sainte-Catherine,已查询,搜索结果第一条命中，建议抽查；补漏query命中: Cotti Coffee Sainte-Catherine France,"Cotti Coffee - Marais Rosiers 4.4(137) · €1–10 Coffee shop · 32 Rue des Rosiers Closed · Opens 9:30 AM ""Very good coffee for",https://www.google.com/maps/search/Cotti+Coffee+Sainte-Catherine+France,建议人工确认真实 place 链接
低,搜索链接,低优先级：有空再把 search 链接换成真实 /maps/place/ 链接,,65,法国,Victor Hugo,已查询,搜索结果第一条命中，建议抽查,Cotti Coffee - Victor Hugo,https://www.google.com/maps/search/Cotti+Coffee+Victor+Hugo+France,建议人工确认真实 place 链接
低,搜索链接,低优先级：有空再把 search 链接换成真实 /maps/place/ 链接,,67,英国,"Bank,Gresham St",已查询,搜索结果第一条命中，建议抽查,"Cotti Coffee - Bank,Gresham St",https://www.google.com/maps/search/Cotti+Coffee+Bank%2CGresham+St+United+Kingdom,建议人工确认真实 place 链接
低,暂无评分评论,无需补评分；保留真实 place 链接，并在备注保留 【confirmed:no_reviews】,【confirmed:no_reviews】真实门店，暂无评分评论,68,英国,Camden Town,暂无评分评论,【confirmed:no_reviews】真实门店，暂无评分评论,Cotti Coffee-Camden Town,"https://www.google.com/maps/place/Cotti+Coffee-Camden+Town/@51.5387291,-0.1424515,3a,75y,90t/data=!3m7!1e2!3m5!1sCIABIhASOPX-S0Bm0JNaik3KfQZ8!2e10!3e12!7i3072!8i3200!4m11!1m2!2m1!1sCotti+Coffee+Camden+Town+United+Kingdom!3m7!1s0x48761b00108324c5:0xf72a409e4daaeb7d!8m2!3d51.5386401!4d-0.1427488!10e5!15sCidDb3R0aSBDb2ZmZWUgQ2FtZGVuIFRvd24gVW5pdGVkIEtpbmdkb21aKSInY290dGkgY29mZmVlIGNhbWRlbiB0b3duIHVuaXRlZCBraW5nZG9tkgEEY2FmZZoBRENpOURRVWxSUVVOdlpFTm9kSGxqUmpsdlQyNXNTRm94VGtSVk1IUlJVV3c1ZDFwdGVEVlVia0pQVFd0d1UxTkZSUkFC4AEA-gEECB8QPA!16s%2Fg%2F11yxyljzdj?entry=ttu&g_ep=EgoyMDI2MDUyNy4wIKXMDSoASAFQAw%3D%3D",已人工标记为 暂无评分评论；后续周更会继续尝试但不作为高优先级失败
低,搜索链接,低优先级：有空再把 search 链接换成真实 /maps/place/ 链接,,70,英国,Russell Square,已查询,搜索结果第一条命中，建议抽查；补漏query命中: Cotti Coffee Russell Square United Kingdom,Cotti Coffee - Russell Square,https://www.google.com/maps/search/Cotti+Coffee+Russell+Square+United+Kingdom,建议人工确认真实 place 链接
低,搜索链接,低优先级：有空再把 search 链接换成真实 /maps/place/ 链接,,71,英国,Strutton Ground,已查询,搜索结果第一条命中，建议抽查,Cotti Coffee - Strutton Ground,https://www.google.com/maps/search/Cotti+Coffee+Strutton+Ground+United+Kingdom,建议人工确认真实 place 链接
低,搜索链接,低优先级：有空再把 search 链接换成真实 /maps/place/ 链接,,72,荷兰,Grote Markt,已查询,搜索结果第一条命中，建议抽查；补漏query命中: Cotti Coffee Grote Markt 荷兰,Cotti Coffee Grote Markt,https://www.google.com/maps/search/Cotti+Coffee+Grote+Markt+%E8%8D%B7%E5%85%B0,建议人工确认真实 place 链接
低,搜索链接,低优先级：有空再把 search 链接换成真实 /maps/place/ 链接,,73,西班牙,Badal,已查询,搜索结果第一条命中，建议抽查；补漏query命中: Cotti Coffee Badal Spain,"Cotti Coffee-Carrer de Mar 101 4.9(93) · €1–10 Coffee shop ·  · Carrer de Mar, 101 Closed · Opens 9:30 AM ""Nice staff and gr",https://www.google.com/maps/search/Cotti+Coffee+Badal+Spain,建议人工确认真实 place 链接
低,搜索链接,低优先级：有空再把 search 链接换成真实 /maps/place/ 链接,,74,西班牙,C.C. Màgic,已查询,搜索结果第一条命中，建议抽查,Cotti Coffee-C.C. Màgic,https://www.google.com/maps/search/Cotti+Coffee+C.C.+M%C3%A0gic+Spain,建议人工确认真实 place 链接
低,搜索链接,低优先级：有空再把 search 链接换成真实 /maps/place/ 链接,,75,西班牙,Canalejas,已查询,搜索结果第一条命中，建议抽查,Cotti Coffee - Canalejas,https://www.google.com/maps/search/Cotti+Coffee+Canalejas+Spain,建议人工确认真实 place 链接
低,搜索链接,低优先级：有空再把 search 链接换成真实 /maps/place/ 链接,,76,西班牙,Carrer de mar101,已查询,【confirmed:place】已验证真实 Google Maps 门店链接,Cotti Coffee-Carrer de Mar 101,https://www.google.com/maps/search/Cotti+Coffee+Carrer+de+mar101+Spain,建议人工确认真实 place 链接
低,搜索链接,低优先级：有空再把 search 链接换成真实 /maps/place/ 链接,,78,西班牙,Maremagnum,已查询,搜索结果第一条命中，建议抽查；补漏query命中: Cotti Coffee Maremagnum Spain,Cotti Coffee-Maremagnum,https://www.google.com/maps/search/Cotti+Coffee+Maremagnum+Spain,建议人工确认真实 place 链接
低,搜索链接,低优先级：有空再把 search 链接换成真实 /maps/place/ 链接,,79,西班牙,Plaça de Catalunya,已查询,搜索结果第一条命中，建议抽查,Cotti Coffee-Plaça de Catalunya,https://www.google.com/maps/search/Cotti+Coffee+Pla%C3%A7a+de+Catalunya+Barcelona,建议人工确认真实 place 链接
低,搜索链接,低优先级：有空再把 search 链接换成真实 /maps/place/ 链接,,80,西班牙,San Miguel,已查询,搜索结果第一条命中，建议抽查,Cotti Coffee - San Miguel,https://www.google.com/maps/search/Cotti+Coffee+San+Miguel+Spain,建议人工确认真实 place 链接
低,搜索链接,低优先级：有空再把 search 链接换成真实 /maps/place/ 链接,,81,西班牙,Xanadu,已查询,搜索结果第一条命中，建议抽查；补漏query命中: Cotti Coffee Xanadu Spain,Cotti Coffee Xanadu Spain Available filters for this search Learn more about legal disclosure regarding public reviews on Goo,https://www.google.com/maps/search/Cotti+Coffee+Xanadu+Spain,建议人工确认真实 place 链接
低,搜索链接,低优先级：有空再把 search 链接换成真实 /maps/place/ 链接,,82,中国澳门,南灣店,已查询,搜索结果第一条命中，建议抽查,Cotti Coffee 庫迪咖啡-南灣店,https://www.google.com/maps/search/Cotti+Coffee+%E5%8D%97%E7%81%A3%E5%BA%97+%E4%B8%AD%E5%9B%BD%E6%BE%B3%E9%97%A8,建议人工确认真实 place 链接
低,暂无评分评论,无需补评分；保留真实 place 链接，并在备注保留 【confirmed:no_reviews】,【confirmed:no_reviews】真实门店，暂无评分评论,83,中国澳门,澳門大學店,暂无评分评论,【confirmed:no_reviews】真实门店，暂无评分评论,Cotti Coffee 庫迪咖啡-澳門大學店,"https://www.google.com/maps/place/Cotti+Coffee+%E5%BA%AB%E8%BF%AA%E5%92%96%E5%95%A1-%E6%BE%B3%E9%96%80%E5%A4%A7%E5%AD%B8%E5%BA%97/@22.127617,113.5490381,17z/data=!3m1!4b1!4m6!3m5!1s0x34017100366da9f7:0xa8f8e67ab96e6d79!8m2!3d22.127617!4d113.551613!16s%2Fg%2F11nb4l6kvg?entry=ttu",已人工标记为 暂无评分评论；后续周更会继续尝试但不作为高优先级失败
中,Google门店名过泛,确认链接真实后，在 E 列补成人工可识别名称，如 Cotti Coffee - 商场/街道,,84,中国澳门,皇朝環宇豪庭店,已查询,搜索结果第一条命中，建议抽查,Cotti Coffee,https://www.google.com/maps/search/Cotti+Coffee+%E7%9A%87%E6%9C%9D%E7%92%B0%E5%AE%87%E8%B1%AA%E5%BA%AD%E5%BA%97+%E4%B8%AD%E5%9B%BD%E6%BE%B3%E9%97%A8,名称只有品牌词，无法辅助判断是否同店
低,搜索链接,低优先级：有空再把 search 链接换成真实 /maps/place/ 链接,,84,中国澳门,皇朝環宇豪庭店,已查询,搜索结果第一条命中，建议抽查,Cotti Coffee,https://www.google.com/maps/search/Cotti+Coffee+%E7%9A%87%E6%9C%9D%E7%92%B0%E5%AE%87%E8%B1%AA%E5%BA%AD%E5%BA%97+%E4%B8%AD%E5%9B%BD%E6%BE%B3%E9%97%A8,建议人工确认真实 place 链接
中,Google门店名过泛,确认链接真实后，在 E 列补成人工可识别名称，如 Cotti Coffee - 商场/街道,,85,中国香港,上環金龍中心店,已查询,搜索结果第一条命中，建议抽查,Cotti Coffee,https://www.google.com/maps/search/Cotti+Coffee+%E4%B8%8A%E7%92%B0%E9%87%91%E9%BE%8D%E4%B8%AD%E5%BF%83%E5%BA%97+%E4%B8%AD%E5%9B%BD%E9%A6%99%E6%B8%AF,名称只有品牌词，无法辅助判断是否同店
低,搜索链接,低优先级：有空再把 search 链接换成真实 /maps/place/ 链接,,85,中国香港,上環金龍中心店,已查询,搜索结果第一条命中，建议抽查,Cotti Coffee,https://www.google.com/maps/search/Cotti+Coffee+%E4%B8%8A%E7%92%B0%E9%87%91%E9%BE%8D%E4%B8%AD%E5%BF%83%E5%BA%97+%E4%B8%AD%E5%9B%BD%E9%A6%99%E6%B8%AF,建议人工确认真实 place 链接
低,搜索链接,低优先级：有空再把 search 链接换成真实 /maps/place/ 链接,,86,中国香港,九龍貿易中心店,已查询,搜索结果第一条命中，建议抽查,Cotti Coffee 庫迪咖啡-九龍貿易中心店,https://www.google.com/maps/search/Cotti+Coffee+%E4%B9%9D%E9%BE%8D%E8%B2%BF%E6%98%93%E4%B8%AD%E5%BF%83%E5%BA%97+%E4%B8%AD%E5%9B%BD%E9%A6%99%E6%B8%AF,建议人工确认真实 place 链接
低,搜索链接,低优先级：有空再把 search 链接换成真实 /maps/place/ 链接,,87,中国香港,厚德商場店,已查询,搜索结果第一条命中，建议抽查,Cotti Coffee 庫迪咖啡-厚德商場店,https://www.google.com/maps/search/Cotti+Coffee+%E5%8E%9A%E5%BE%B7%E5%95%86%E5%A0%B4%E5%BA%97+%E4%B8%AD%E5%9B%BD%E9%A6%99%E6%B8%AF,建议人工确认真实 place 链接
中,Google门店名过泛,确认链接真实后，在 E 列补成人工可识别名称，如 Cotti Coffee - 商场/街道,,89,中国香港,宏利金融中心店,已查询,搜索结果第一条命中，建议抽查,Cotti Coffee,https://www.google.com/maps/search/Cotti+Coffee+%E5%AE%8F%E5%88%A9%E9%87%91%E8%9E%8D%E4%B8%AD%E5%BF%83%E5%BA%97+%E4%B8%AD%E5%9B%BD%E9%A6%99%E6%B8%AF,名称只有品牌词，无法辅助判断是否同店
低,搜索链接,低优先级：有空再把 search 链接换成真实 /maps/place/ 链接,,89,中国香港,宏利金融中心店,已查询,搜索结果第一条命中，建议抽查,Cotti Coffee,https://www.google.com/maps/search/Cotti+Coffee+%E5%AE%8F%E5%88%A9%E9%87%91%E8%9E%8D%E4%B8%AD%E5%BF%83%E5%BA%97+%E4%B8%AD%E5%9B%BD%E9%A6%99%E6%B8%AF,建议人工确认真实 place 链接
低,搜索链接,低优先级：有空再把 search 链接换成真实 /maps/place/ 链接,,90,中国香港,彩明商場店,已查询,搜索结果第一条命中，建议抽查,"Cotti Coffee 庫迪咖啡-新都城中心二期商場店 5.0(1) 咖啡馆 · Yan King Rd, 8號新都城中心二期商場1018-1019 Open · Closes 10 PM Dine-in Cotti Coffee 庫迪咖啡-厚德商",https://www.google.com/maps/search/Cotti+Coffee+%E5%BD%A9%E6%98%8E%E5%95%86%E5%A0%B4%E5%BA%97+%E4%B8%AD%E5%9B%BD%E9%A6%99%E6%B8%AF,建议人工确认真实 place 链接
低,搜索链接,低优先级：有空再把 search 链接换成真实 /maps/place/ 链接,,91,中国香港,新都城中心二期商場店,已查询,搜索结果第一条命中，建议抽查,Cotti Coffee 庫迪咖啡-新都城中心二期商場店,https://www.google.com/maps/search/Cotti+Coffee+%E6%96%B0%E9%83%BD%E5%9F%8E%E4%B8%AD%E5%BF%83%E4%BA%8C%E6%9C%9F%E5%95%86%E5%A0%B4%E5%BA%97+%E4%B8%AD%E5%9B%BD%E9%A6%99%E6%B8%AF,建议人工确认真实 place 链接
低,搜索链接,低优先级：有空再把 search 链接换成真实 /maps/place/ 链接,,92,中国香港,會展灣景中心店,已查询,搜索结果第一条命中，建议抽查,Cotti Coffee 庫迪咖啡 -會展灣景中心店,https://www.google.com/maps/search/Cotti+Coffee+%E6%9C%83%E5%B1%95%E7%81%A3%E6%99%AF%E4%B8%AD%E5%BF%83%E5%BA%97+%E4%B8%AD%E5%9B%BD%E9%A6%99%E6%B8%AF,建议人工确认真实 place 链接
低,搜索链接,低优先级：有空再把 search 链接换成真实 /maps/place/ 链接,,93,中国香港,灣仔裕安大廈店,已查询,搜索结果第一条命中，建议抽查,Cotti Coffee 庫迪咖啡-灣仔裕安大廈店,https://www.google.com/maps/search/Cotti+Coffee+%E7%81%A3%E4%BB%94%E8%A3%95%E5%AE%89%E5%A4%A7%E5%BB%88%E5%BA%97+%E4%B8%AD%E5%9B%BD%E9%A6%99%E6%B8%AF,建议人工确认真实 place 链接
低,搜索链接,低优先级：有空再把 search 链接换成真实 /maps/place/ 链接,,94,中国香港,牛頭角鴻圖中心店,已查询,搜索结果第一条命中，建议抽查,Cotti Coffee 庫迪咖啡-牛頭角鴻圖中心店,https://www.google.com/maps/search/Cotti+Coffee+%E7%89%9B%E9%A0%AD%E8%A7%92%E9%B4%BB%E5%9C%96%E4%B8%AD%E5%BF%83%E5%BA%97+%E4%B8%AD%E5%9B%BD%E9%A6%99%E6%B8%AF,建议人工确认真实 place 链接
低,搜索链接,低优先级：有空再把 search 链接换成真实 /maps/place/ 链接,,96,中国香港,銅鑼灣信和廣場店,已查询,搜索结果第一条命中，建议抽查,Cotti Coffee 庫迪咖啡-銅鑼灣信和廣場店,https://www.google.com/maps/search/Cotti+Coffee+%E9%8A%85%E9%91%BC%E7%81%A3%E4%BF%A1%E5%92%8C%E5%BB%A3%E5%A0%B4%E5%BA%97+%E4%B8%AD%E5%9B%BD%E9%A6%99%E6%B8%AF,建议人工确认真实 place 链接
低,搜索链接,低优先级：有空再把 search 链接换成真实 /maps/place/ 链接,,97,印度尼西亚,Aeon Mall Tj. Barat,已查询,搜索结果第一条命中，建议抽查,Cotti Coffee - Aeon Mall Tj. Barat,https://www.google.com/maps/search/Cotti+Coffee+Aeon+Mall+Tj.+Barat+Indonesia,建议人工确认真实 place 链接
高,需人工核对,打开 Google Maps，确认真实门店；真实则补 /maps/place/ 链接，不真实则备注 【reject:原因】,真实则补 place 链接；错误则写 【reject:原因】,100,印度尼西亚,Bintaro,需人工核对,【reject】评论数低于原累计评论数（原 140 → 本次 139），疑似抓取错误,Cotti Coffee - Bintaro,https://www.google.com/maps/search/Cotti+Coffee+Bintaro+Indonesia,当前状态需要人工确认
高,reject备注,确认这是错误候选；保留 【reject:原因】，周更会同步进负样本库,【reject:误命中】,100,印度尼西亚,Bintaro,需人工核对,【reject】评论数低于原累计评论数（原 140 → 本次 139），疑似抓取错误,Cotti Coffee - Bintaro,https://www.google.com/maps/search/Cotti+Coffee+Bintaro+Indonesia,请确认是否已进入负样本库
低,搜索链接,低优先级：有空再把 search 链接换成真实 /maps/place/ 链接,,100,印度尼西亚,Bintaro,需人工核对,【reject】评论数低于原累计评论数（原 140 → 本次 139），疑似抓取错误,Cotti Coffee - Bintaro,https://www.google.com/maps/search/Cotti+Coffee+Bintaro+Indonesia,建议人工确认真实 place 链接
中,Google门店名过泛,确认链接真实后，在 E 列补成人工可识别名称，如 Cotti Coffee - 商场/街道,,101,印度尼西亚,Bintaro Jaya Xchange 2,已查询,搜索结果第一条命中，建议抽查,Cotti Coffee,https://www.google.com/maps/search/Cotti+Coffee+Bintaro+Jaya+Xchange+2+Indonesia,名称只有品牌词，无法辅助判断是否同店
低,搜索链接,低优先级：有空再把 search 链接换成真实 /maps/place/ 链接,,101,印度尼西亚,Bintaro Jaya Xchange 2,已查询,搜索结果第一条命中，建议抽查,Cotti Coffee,https://www.google.com/maps/search/Cotti+Coffee+Bintaro+Jaya+Xchange+2+Indonesia,建议人工确认真实 place 链接
低,搜索链接,低优先级：有空再把 search 链接换成真实 /maps/place/ 链接,,106,印度尼西亚,Diara Hotel Cileungsi,已查询,搜索结果第一条命中，建议抽查,Cotti Coffee - Diara Hotel Cileungsi,https://www.google.com/maps/search/Cotti+Coffee+Diara+Hotel+Cileungsi+Indonesia,建议人工确认真实 place 链接
高,需人工核对,打开 Google Maps，确认真实门店；真实则补 /maps/place/ 链接，不真实则备注 【reject:原因】,真实则补 place 链接；错误则写 【reject:原因】,113,印度尼西亚,ITC Roxy Mas,需人工核对,【reject】评论数低于原累计评论数（原 27 → 本次 26），疑似抓取错误,COTTI COFFEE - ITC Roxy Mas,"https://www.google.com/maps/place/COTTI+COFFEE+-+ITC+Roxy+Mas/@-6.1668476,106.8034323,17z/data=!3m1!4b1!4m6!3m5!1s0x2e69f7006e71c4ef:0x2ee5f22c8dc7a15a!8m2!3d-6.1668476!4d106.8034323!16s%2Fg%2F11vpz0ghqg?entry=ttu&g_ep=EgoyMDI2MDUwMi4wIKXMDSoASAFQAw%3D%3D",当前状态需要人工确认
高,reject备注,确认这是错误候选；保留 【reject:原因】，周更会同步进负样本库,【reject:误命中】,113,印度尼西亚,ITC Roxy Mas,需人工核对,【reject】评论数低于原累计评论数（原 27 → 本次 26），疑似抓取错误,COTTI COFFEE - ITC Roxy Mas,"https://www.google.com/maps/place/COTTI+COFFEE+-+ITC+Roxy+Mas/@-6.1668476,106.8034323,17z/data=!3m1!4b1!4m6!3m5!1s0x2e69f7006e71c4ef:0x2ee5f22c8dc7a15a!8m2!3d-6.1668476!4d106.8034323!16s%2Fg%2F11vpz0ghqg?entry=ttu&g_ep=EgoyMDI2MDUwMi4wIKXMDSoASAFQAw%3D%3D",请确认是否已进入负样本库
低,搜索链接,低优先级：有空再把 search 链接换成真实 /maps/place/ 链接,,114,印度尼西亚,Icon Bali Mall,已查询,搜索结果第一条命中，建议抽查,COTTI COFFEE - Icon Bali Mall,https://www.google.com/maps/search/Cotti+Coffee+Icon+Bali+Mall+Indonesia,建议人工确认真实 place 链接
低,搜索链接,低优先级：有空再把 search 链接换成真实 /maps/place/ 链接,,116,印度尼西亚,Kelapa Dua Depok,已查询,搜索结果第一条命中，建议抽查,COTTI COFFEE - Kelapa Dua Depok,https://www.google.com/maps/search/Cotti+Coffee+Kelapa+Dua+Depok+Indonesia,建议人工确认真实 place 链接
中,Google门店名过泛,确认链接真实后，在 E 列补成人工可识别名称，如 Cotti Coffee - 商场/街道,,119,印度尼西亚,Kuningan City Mall,已查询,搜索结果第一条命中，建议抽查,Cotti Coffee,https://www.google.com/maps/search/Cotti+Coffee+Kuningan+City+Mall+Indonesia,名称只有品牌词，无法辅助判断是否同店
低,搜索链接,低优先级：有空再把 search 链接换成真实 /maps/place/ 链接,,119,印度尼西亚,Kuningan City Mall,已查询,搜索结果第一条命中，建议抽查,Cotti Coffee,https://www.google.com/maps/search/Cotti+Coffee+Kuningan+City+Mall+Indonesia,建议人工确认真实 place 链接
中,Google门店名过泛,确认链接真实后，在 E 列补成人工可识别名称，如 Cotti Coffee - 商场/街道,,121,印度尼西亚,Living World,已查询,,Cotti Coffee,"https://www.google.com/maps/place/Cotti+Coffee/@-6.2443876,106.653631,17z/data=!3m1!4b1!4m6!3m5!1s0x2e69fb005c00bb6d:0x13a81606db7d4dab!8m2!3d-6.2443876!4d106.653631!16s%2Fg%2F11wh6d4ms4?entry=ttu&g_ep=EgoyMDI2MDUwMi4wIKXMDSoASAFQAw%3D%3D",名称只有品牌词，无法辅助判断是否同店
高,需人工核对,打开 Google Maps，确认真实门店；真实则补 /maps/place/ 链接，不真实则备注 【reject:原因】,真实则补 place 链接；错误则写 【reject:原因】,122,印度尼西亚,Mall Artha Gading,需人工核对,【reject】评论数低于原累计评论数（原 58 → 本次 56），疑似抓取错误,COTTI COFFEE - Artha Gading,"https://www.google.com/maps/place/COTTI+COFFEE+-+Artha+Gading/@-6.1457739,106.8919187,17z/data=!3m1!4b1!4m6!3m5!1s0x2e69f50027028f2f:0xdae59b3864fee602!8m2!3d-6.1457739!4d106.8919187!16s%2Fg%2F11y9rd8tdy?entry=ttu&g_ep=EgoyMDI2MDUwMi4wIKXMDSoASAFQAw%3D%3D",当前状态需要人工确认
高,reject备注,确认这是错误候选；保留 【reject:原因】，周更会同步进负样本库,【reject:误命中】,122,印度尼西亚,Mall Artha Gading,需人工核对,【reject】评论数低于原累计评论数（原 58 → 本次 56），疑似抓取错误,COTTI COFFEE - Artha Gading,"https://www.google.com/maps/place/COTTI+COFFEE+-+Artha+Gading/@-6.1457739,106.8919187,17z/data=!3m1!4b1!4m6!3m5!1s0x2e69f50027028f2f:0xdae59b3864fee602!8m2!3d-6.1457739!4d106.8919187!16s%2Fg%2F11y9rd8tdy?entry=ttu&g_ep=EgoyMDI2MDUwMi4wIKXMDSoASAFQAw%3D%3D",请确认是否已进入负样本库
高,需人工核对,打开 Google Maps，确认真实门店；真实则补 /maps/place/ 链接，不真实则备注 【reject:原因】,真实则补 place 链接；错误则写 【reject:原因】,124,印度尼西亚,Menara 165,需人工核对,【reject】评论数低于原累计评论数（原 23 → 本次 22），疑似抓取错误,Cotti Coffee - Menara 165,"https://www.google.com/maps/place/Cotti+Coffee+-+Menara+165/@-6.2907984,106.8095819,17z/data=!3m1!4b1!4m6!3m5!1s0x2e69f100484e593f:0xd88a076d7b208cb6!8m2!3d-6.2907984!4d106.8095819!16s%2Fg%2F11xtcfhpd4?entry=ttu&g_ep=EgoyMDI2MDUwMi4wIKXMDSoASAFQAw%3D%3D",当前状态需要人工确认
高,reject备注,确认这是错误候选；保留 【reject:原因】，周更会同步进负样本库,【reject:误命中】,124,印度尼西亚,Menara 165,需人工核对,【reject】评论数低于原累计评论数（原 23 → 本次 22），疑似抓取错误,Cotti Coffee - Menara 165,"https://www.google.com/maps/place/Cotti+Coffee+-+Menara+165/@-6.2907984,106.8095819,17z/data=!3m1!4b1!4m6!3m5!1s0x2e69f100484e593f:0xd88a076d7b208cb6!8m2!3d-6.2907984!4d106.8095819!16s%2Fg%2F11xtcfhpd4?entry=ttu&g_ep=EgoyMDI2MDUwMi4wIKXMDSoASAFQAw%3D%3D",请确认是否已进入负样本库
低,搜索链接,低优先级：有空再把 search 链接换成真实 /maps/place/ 链接,,127,印度尼西亚,Menara Jamsostek,已查询,搜索结果第一条命中，建议抽查,COTTI COFFEE - Menara Jamsostek,https://www.google.com/maps/search/Cotti+Coffee+Menara+Jamsostek+Indonesia,建议人工确认真实 place 链接
高,需人工核对,打开 Google Maps，确认真实门店；真实则补 /maps/place/ 链接，不真实则备注 【reject:原因】,真实则补 place 链接；错误则写 【reject:原因】,128,印度尼西亚,PHGolf MTown,需人工核对,"Error: Page.goto: Protocol error (Page.navigate): Cannot navigate to invalid URL Call log: - navigating to ""google.com/maps/place/Cotti+Coffee+-+PHGolf_MTown/@-2.9326481,115.8074779,6z/data=!4m10!1m2!2m1!1sCotti+Coffee+PHGolf+MTown+Indonesia!3m6!1s0x2e69fb003f8dc04b:0x5ad730ae6b633c89!8m2!3d-6.2442283!4d106.6333373!15sCiBDb3R0aSBDb2ZmZWUgR29sZiBUb3duIEluZG9uZXNpYVoiIiBjb3R0aSBjb2ZmZWUgZ29sZiB0b3duIGluZG9uZXNpYZIBC2NvZmZlZV9zaG9wmgFEQ2k5RFFVbFJRVU52WkVOb2RIbGpSamx2VDI1V1prMXJkR3hWVms1SlZtdDRNVkp0VG5sYU0yZ3daRE5hVEdNeFJSQULgAQD6AQQIABAr!16s%2Fg%2F11x0llnpny?entry=ttu&g_ep=EgoyMDI2MDUxMy4wIKXMDSoASAFQAw%3D%3D"", waiting until ""commit"" ；HTTP兜底无可用结构化数据",COTTI COFFEE - Menara Jamsostek,"https://www.google.com/maps/place/COTTI+COFFEE+-+Menara+Jamsostek/@-6.233466,106.8217098,3a,75y,90t/data=!3m8!1e2!3m6!1sCIHM0ogKEICAgICfx_u77QE!2e10!3e12!6shttps:%2F%2Flh3.googleusercontent.com%2Fgps-cs-s%2FAPNQkAFPa7dic8MvUa7OpFEzw19fAUnHl_g4qo7VNIwCoJslS0ZDRsyFFHOwUlS9f9jvnlqjqCBNrcC9bXWPfPH1oZvG9Y-VcrwJUbvvRnfajCmBV2OjjbXJDj9_OtjONPpXd8ElGDmDDQ%3Dw86-h114-k-no!7i3000!8i4000!4m7!3m6!1s0x2e69f300362e3517:0xb6165f3af402e39c!8m2!3d-6.2336183!4d106.8215979!10e5!16s%2Fg%2F11wp03j2xt?entry=ttu&g_ep=EgoyMDI2MDUyNy4wIKXMDSoASAFQAw%3D%3D",当前状态需要人工确认
中,Google门店名过泛,确认链接真实后，在 E 列补成人工可识别名称，如 Cotti Coffee - 商场/街道,,137,印度尼西亚,Rest Area KM 21 B,已查询,,Cotti Coffee,"https://www.google.com/maps/place/Cotti+Coffee/@-6.434931,106.8935129,17z/data=!3m1!4b1!4m6!3m5!1s0x2e69eb003a04113f:0x437d6039daa8a377!8m2!3d-6.434931!4d106.8935129!16s%2Fg%2F11x0dkwqb2?entry=ttu",名称只有品牌词，无法辅助判断是否同店
低,搜索链接,低优先级：有空再把 search 链接换成真实 /maps/place/ 链接,,139,印度尼西亚,Rukan Cordoba PIK 1,已查询,搜索结果第一条命中，建议抽查,COTTI COFFEE-Rukan Cordoba PIK 1,https://www.google.com/maps/search/Cotti+Coffee+Rukan+Cordoba+PIK+1+Indonesia,建议人工确认真实 place 链接
高,需人工核对,打开 Google Maps，确认真实门店；真实则补 /maps/place/ 链接，不真实则备注 【reject:原因】,真实则补 place 链接；错误则写 【reject:原因】,141,印度尼西亚,Ruko MOI,需人工核对,【reject】评论数低于原累计评论数（原 36 → 本次 32），疑似抓取错误,Cotti Coffee (库迪咖啡) - Mall Of Indonesia,"https://www.google.com/maps/place/Cotti+Coffee+(%E5%BA%93%E8%BF%AA%E5%92%96%E5%95%A1)+-+Mall+Of+Indonesia/@-6.1496909,106.8913758,17z/data=!3m1!4b1!4m6!3m5!1s0x2e69f5004e042d61:0xa5df8dd7219a1cd0!8m2!3d-6.1496909!4d106.8913758!16s%2Fg%2F11wxfk11mk?entry=ttu&g_ep=EgoyMDI2MDUwMi4wIKXMDSoASAFQAw%3D%3D",当前状态需要人工确认
高,reject备注,确认这是错误候选；保留 【reject:原因】，周更会同步进负样本库,【reject:误命中】,141,印度尼西亚,Ruko MOI,需人工核对,【reject】评论数低于原累计评论数（原 36 → 本次 32），疑似抓取错误,Cotti Coffee (库迪咖啡) - Mall Of Indonesia,"https://www.google.com/maps/place/Cotti+Coffee+(%E5%BA%93%E8%BF%AA%E5%92%96%E5%95%A1)+-+Mall+Of+Indonesia/@-6.1496909,106.8913758,17z/data=!3m1!4b1!4m6!3m5!1s0x2e69f5004e042d61:0xa5df8dd7219a1cd0!8m2!3d-6.1496909!4d106.8913758!16s%2Fg%2F11wxfk11mk?entry=ttu&g_ep=EgoyMDI2MDUwMi4wIKXMDSoASAFQAw%3D%3D",请确认是否已进入负样本库
高,需人工核对,打开 Google Maps，确认真实门店；真实则补 /maps/place/ 链接，不真实则备注 【reject:原因】,真实则补 place 链接；错误则写 【reject:原因】,143,印度尼西亚,Ruko Meruya Selatan,需人工核对,【reject】评论数低于原累计评论数（原 100 → 本次 99），疑似抓取错误,Cotti Coffee - Ruko Meruya Selatan,https://www.google.com/maps/search/Cotti+Coffee+Ruko+Meruya+Selatan+Indonesia,当前状态需要人工确认
高,reject备注,确认这是错误候选；保留 【reject:原因】，周更会同步进负样本库,【reject:误命中】,143,印度尼西亚,Ruko Meruya Selatan,需人工核对,【reject】评论数低于原累计评论数（原 100 → 本次 99），疑似抓取错误,Cotti Coffee - Ruko Meruya Selatan,https://www.google.com/maps/search/Cotti+Coffee+Ruko+Meruya+Selatan+Indonesia,请确认是否已进入负样本库
低,搜索链接,低优先级：有空再把 search 链接换成真实 /maps/place/ 链接,,143,印度尼西亚,Ruko Meruya Selatan,需人工核对,【reject】评论数低于原累计评论数（原 100 → 本次 99），疑似抓取错误,Cotti Coffee - Ruko Meruya Selatan,https://www.google.com/maps/search/Cotti+Coffee+Ruko+Meruya+Selatan+Indonesia,建议人工确认真实 place 链接
低,搜索链接,低优先级：有空再把 search 链接换成真实 /maps/place/ 链接,,146,印度尼西亚,Senayan Park,已查询,搜索结果第一条命中，建议抽查,Cotti Coffee - Senayan Park,https://www.google.com/maps/search/Cotti+Coffee+Senayan+Park+Indonesia,建议人工确认真实 place 链接
低,搜索链接,低优先级：有空再把 search 链接换成真实 /maps/place/ 链接,,150,印度尼西亚,Talavera Office Park,已查询,搜索结果第一条命中，建议抽查,Cotti Coffee - Talavera Office Park,https://www.google.com/maps/search/Cotti+Coffee+Talavera+Office+Park+Indonesia,建议人工确认真实 place 链接
低,搜索链接,低优先级：有空再把 search 链接换成真实 /maps/place/ 链接,,151,印度尼西亚,Tangcity Mall,已查询,搜索结果第一条命中，建议抽查,COTTI COFFEE - Tangcity Mall,https://www.google.com/maps/search/Cotti+Coffee+Tangcity+Mall+Indonesia,建议人工确认真实 place 链接
低,搜索链接,低优先级：有空再把 search 链接换成真实 /maps/place/ 链接,,154,印度尼西亚,UPH,已查询,搜索结果第一条命中，建议抽查,Cotti Coffee - UPH,https://www.google.com/maps/search/Cotti+Coffee+UPH+Indonesia,建议人工确认真实 place 链接
低,搜索链接,低优先级：有空再把 search 链接换成真实 /maps/place/ 链接,,159,新加坡,Orchard Geteway,已查询,搜索结果第一条命中，建议抽查；补漏query命中: Cotti Coffee Orchard Geteway Singapore,Cotti Coffee - Orchard Gateway,https://www.google.com/maps/search/Cotti+Coffee+Orchard+Geteway+Singapore,建议人工确认真实 place 链接
低,搜索链接,低优先级：有空再把 search 链接换成真实 /maps/place/ 链接,,160,新加坡,The Seletar mall,已查询,搜索结果第一条命中，建议抽查,Cotti Coffee - The Seletar Mall,https://www.google.com/maps/search/Cotti+Coffee+The+Seletar+mall+Singapore,建议人工确认真实 place 链接
低,搜索链接,低优先级：有空再把 search 链接换成真实 /maps/place/ 链接,,162,日本,バロー甲府昭和店,已查询,搜索结果第一条命中，建议抽查,Cotti Coffee バロー甲府昭和店 コッティコーヒー,https://www.google.com/maps/search/Cotti+Coffee+%E3%83%90%E3%83%AD%E3%83%BC%E7%94%B2%E5%BA%9C%E6%98%AD%E5%92%8C%E5%BA%97+Japan,建议人工确认真实 place 链接
中,Google门店名过泛,确认链接真实后，在 E 列补成人工可识别名称，如 Cotti Coffee - 商场/街道,,163,日本,京橋店,已查询,,Cotti Coffee,"https://www.google.com/maps/place/Cotti+Coffee/@35.677196,139.7725587,17z/data=!3m1!4b1!4m6!3m5!1s0x60188b1970be8bef:0x76900a480818588b!8m2!3d35.677196!4d139.7725587!16s%2Fg%2F11w9g8z7pq?entry=ttu",名称只有品牌词，无法辅助判断是否同店
高,需人工核对,打开 Google Maps，确认真实门店；真实则补 /maps/place/ 链接，不真实则备注 【reject:原因】,真实则补 place 链接；错误则写 【reject:原因】,164,日本,大阪宗右衛門店,需人工核对,【reject】评论数低于原累计评论数（原 177 → 本次 93），疑似抓取错误,Cotti Coffee 大阪宗右衛門店 コッティコーヒー,https://www.google.com/maps/search/Cotti+Coffee+%E5%A4%A7%E9%98%AA%E5%AE%97%E5%8F%B3%E8%A1%9B%E9%96%80%E5%BA%97+Japan,当前状态需要人工确认
高,reject备注,确认这是错误候选；保留 【reject:原因】，周更会同步进负样本库,【reject:误命中】,164,日本,大阪宗右衛門店,需人工核对,【reject】评论数低于原累计评论数（原 177 → 本次 93），疑似抓取错误,Cotti Coffee 大阪宗右衛門店 コッティコーヒー,https://www.google.com/maps/search/Cotti+Coffee+%E5%A4%A7%E9%98%AA%E5%AE%97%E5%8F%B3%E8%A1%9B%E9%96%80%E5%BA%97+Japan,请确认是否已进入负样本库
低,搜索链接,低优先级：有空再把 search 链接换成真实 /maps/place/ 链接,,164,日本,大阪宗右衛門店,需人工核对,【reject】评论数低于原累计评论数（原 177 → 本次 93），疑似抓取错误,Cotti Coffee 大阪宗右衛門店 コッティコーヒー,https://www.google.com/maps/search/Cotti+Coffee+%E5%A4%A7%E9%98%AA%E5%AE%97%E5%8F%B3%E8%A1%9B%E9%96%80%E5%BA%97+Japan,建议人工确认真实 place 链接
高,需人工核对,打开 Google Maps，确认真实门店；真实则补 /maps/place/ 链接，不真实则备注 【reject:原因】,真实则补 place 链接；错误则写 【reject:原因】,165,日本,大阪心斎橋店,需人工核对,搜索结果第一条不确定（名称/地域与目标门店匹配度低）,Cotti Coffee,https://www.google.com/maps/search/Cotti+Coffee+%E5%A4%A7%E9%98%AA%E5%BF%83%E6%96%8E%E6%A9%8B%E5%BA%97+Japan,当前状态需要人工确认
中,Google门店名过泛,确认链接真实后，在 E 列补成人工可识别名称，如 Cotti Coffee - 商场/街道,,165,日本,大阪心斎橋店,需人工核对,搜索结果第一条不确定（名称/地域与目标门店匹配度低）,Cotti Coffee,https://www.google.com/maps/search/Cotti+Coffee+%E5%A4%A7%E9%98%AA%E5%BF%83%E6%96%8E%E6%A9%8B%E5%BA%97+Japan,名称只有品牌词，无法辅助判断是否同店
低,搜索链接,低优先级：有空再把 search 链接换成真实 /maps/place/ 链接,,165,日本,大阪心斎橋店,需人工核对,搜索结果第一条不确定（名称/地域与目标门店匹配度低）,Cotti Coffee,https://www.google.com/maps/search/Cotti+Coffee+%E5%A4%A7%E9%98%AA%E5%BF%83%E6%96%8E%E6%A9%8B%E5%BA%97+Japan,建议人工确认真实 place 链接
低,搜索链接,低优先级：有空再把 search 链接换成真实 /maps/place/ 链接,,166,日本,大阪難波店,已查询,搜索结果第一条命中，建议抽查,Cotti Coffee 大阪難波店 コッティコーヒー,https://www.google.com/maps/search/Cotti+Coffee+%E5%A4%A7%E9%98%AA%E9%9B%A3%E6%B3%A2%E5%BA%97+Japan,建议人工确认真实 place 链接
低,搜索链接,低优先级：有空再把 search 链接换成真实 /maps/place/ 链接,,167,日本,天神橋三丁目店,已查询,搜索结果第一条命中，建议抽查,Cotti Coffee 天神橋三丁目店 コッティコーヒー,https://www.google.com/maps/search/Cotti+Coffee+%E5%A4%A9%E7%A5%9E%E6%A9%8B%E4%B8%89%E4%B8%81%E7%9B%AE%E5%BA%97+Japan,建议人工确认真实 place 链接
低,搜索链接,低优先级：有空再把 search 链接换成真实 /maps/place/ 链接,,169,日本,目白駅前店,已查询,搜索结果第一条命中，建议抽查,Cotti Coffee 目白駅前店 コッティコーヒー,https://www.google.com/maps/search/Cotti+Coffee+%E7%9B%AE%E7%99%BD%E9%A7%85%E5%89%8D%E5%BA%97+Japan,建议人工确认真实 place 链接
高,需人工核对,打开 Google Maps，确认真实门店；真实则补 /maps/place/ 链接，不真实则备注 【reject:原因】,真实则补 place 链接；错误则写 【reject:原因】,171,日本,西池袋店,需人工核对,【reject】评论数低于原累计评论数（原 247 → 本次 206），疑似抓取错误,Cotti Coffee 西池袋店,"https://www.google.com/maps/place/Cotti+Coffee+%E8%A5%BF%E6%B1%A0%E8%A2%8B%E5%BA%97/@35.7315242,139.7093109,17z/data=!3m1!4b1!4m6!3m5!1s0x60188dc976978581:0x8660fda67a3c7f3!8m2!3d35.7315242!4d139.7093109!16s%2Fg%2F11vbpntjsq?entry=ttu&g_ep=EgoyMDI2MDUxMy4wIKXMDSoASAFQAw%3D%3D",当前状态需要人工确认
高,reject备注,确认这是错误候选；保留 【reject:原因】，周更会同步进负样本库,【reject:误命中】,171,日本,西池袋店,需人工核对,【reject】评论数低于原累计评论数（原 247 → 本次 206），疑似抓取错误,Cotti Coffee 西池袋店,"https://www.google.com/maps/place/Cotti+Coffee+%E8%A5%BF%E6%B1%A0%E8%A2%8B%E5%BA%97/@35.7315242,139.7093109,17z/data=!3m1!4b1!4m6!3m5!1s0x60188dc976978581:0x8660fda67a3c7f3!8m2!3d35.7315242!4d139.7093109!16s%2Fg%2F11vbpntjsq?entry=ttu&g_ep=EgoyMDI2MDUxMy4wIKXMDSoASAFQAw%3D%3D",请确认是否已进入负样本库
低,搜索链接,低优先级：有空再把 search 链接换成真实 /maps/place/ 链接,,172,日本,赤坂駅前店,已查询,搜索结果第一条命中，建议抽查,Cotti Coffee 赤坂駅前店 コッティコーヒー,https://www.google.com/maps/search/Cotti+Coffee+%E8%B5%A4%E5%9D%82%E9%A7%85%E5%89%8D%E5%BA%97+Japan,建议人工确认真实 place 链接
低,搜索链接,低优先级：有空再把 search 链接换成真实 /maps/place/ 链接,,173,泰国,Fortune Town,已查询,搜索结果第一条命中，建议抽查,Cotti Coffee - Fortune Town,https://www.google.com/maps/search/Cotti+Coffee+Fortune+Town+Thailand,建议人工确认真实 place 链接
低,搜索链接,低优先级：有空再把 search 链接换成真实 /maps/place/ 链接,,176,泰国,Rajavithi,已查询,搜索结果第一条命中，建议抽查,Cotti Coffee - Rajavithi,https://www.google.com/maps/search/Cotti+Coffee+Rajavithi+Thailand,建议人工确认真实 place 链接
低,搜索链接,低优先级：有空再把 search 链接换成真实 /maps/place/ 链接,,177,泰国,S.P. Building,已查询,搜索结果第一条命中，建议抽查,Cotti Coffee-S.P Building,https://www.google.com/maps/search/Cotti+Coffee+S.P.+Building+Thailand,建议人工确认真实 place 链接
低,搜索链接,低优先级：有空再把 search 链接换成真实 /maps/place/ 链接,,178,泰国,SCB Park Plaza,已查询,搜索结果第一条命中，建议抽查,Cotti Coffee - SCB Park Plaza,https://www.google.com/maps/search/Cotti+Coffee+SCB+Park+Plaza+Thailand,建议人工确认真实 place 链接
低,搜索链接,低优先级：有空再把 search 链接换成真实 /maps/place/ 链接,,180,泰国,The Shoppes,已查询,搜索结果第一条命中，建议抽查,Cotti Coffee The Shoppes,https://www.google.com/maps/search/Cotti+Coffee+The+Shoppes+Thailand,建议人工确认真实 place 链接
低,搜索链接,低优先级：有空再把 search 链接换成真实 /maps/place/ 链接,,181,澳大利亚,Ashfield,已查询,搜索结果第一条命中，建议抽查,Cotti Coffee (Ashfield),https://www.google.com/maps/search/Cotti+Coffee+Ashfield+Australia,建议人工确认真实 place 链接
高,需人工核对,打开 Google Maps，确认真实门店；真实则补 /maps/place/ 链接，不真实则备注 【reject:原因】,真实则补 place 链接；错误则写 【reject:原因】,183,澳大利亚,Bankstown,需人工核对,【reject】评论数低于原累计评论数（原 65 → 本次 64），疑似抓取错误,COTTI COFFEE (Bankstown),https://www.google.com/maps/search/Cotti+Coffee+Bankstown+Australia,当前状态需要人工确认
高,reject备注,确认这是错误候选；保留 【reject:原因】，周更会同步进负样本库,【reject:误命中】,183,澳大利亚,Bankstown,需人工核对,【reject】评论数低于原累计评论数（原 65 → 本次 64），疑似抓取错误,COTTI COFFEE (Bankstown),https://www.google.com/maps/search/Cotti+Coffee+Bankstown+Australia,请确认是否已进入负样本库
低,搜索链接,低优先级：有空再把 search 链接换成真实 /maps/place/ 链接,,183,澳大利亚,Bankstown,需人工核对,【reject】评论数低于原累计评论数（原 65 → 本次 64），疑似抓取错误,COTTI COFFEE (Bankstown),https://www.google.com/maps/search/Cotti+Coffee+Bankstown+Australia,建议人工确认真实 place 链接
低,搜索链接,低优先级：有空再把 search 链接换成真实 /maps/place/ 链接,,184,澳大利亚,Barrack St,已查询,搜索结果第一条命中，建议抽查,Cotti Coffee (Barrack St),https://www.google.com/maps/search/Cotti+Coffee+Barrack+St+Australia,建议人工确认真实 place 链接
低,搜索链接,低优先级：有空再把 search 链接换成真实 /maps/place/ 链接,,185,澳大利亚,Bondi Junction,已查询,搜索结果第一条命中，建议抽查,Cotti Coffee(Bondi Junction),https://www.google.com/maps/search/Cotti+Coffee+Bondi+Junction+Australia,建议人工确认真实 place 链接
低,搜索链接,低优先级：有空再把 search 链接换成真实 /maps/place/ 链接,,187,澳大利亚,Burwood,已查询,搜索结果第一条命中，建议抽查,Cotti Coffee (Burwood),https://www.google.com/maps/search/Cotti+Coffee+Burwood+Australia,建议人工确认真实 place 链接
高,需人工核对,打开 Google Maps，确认真实门店；真实则补 /maps/place/ 链接，不真实则备注 【reject:原因】,真实则补 place 链接；错误则写 【reject:原因】,188,澳大利亚,Cabramatta,需人工核对,【reject】评论数低于原累计评论数（原 144 → 本次 143），疑似抓取错误,Cotti Coffee (Cabramatta),"https://www.google.com/maps/place/Cotti+Coffee+(Cabramatta)/@-33.8948839,150.9362252,17z/data=!3m1!4b1!4m6!3m5!1s0x6b12971974c4c275:0x85bfdd3e8716a229!8m2!3d-33.8948839!4d150.9362252!16s%2Fg%2F11vrzg3rdh?entry=ttu&g_ep=EgoyMDI2MDUxMy4wIKXMDSoASAFQAw%3D%3D",当前状态需要人工确认
高,reject备注,确认这是错误候选；保留 【reject:原因】，周更会同步进负样本库,【reject:误命中】,188,澳大利亚,Cabramatta,需人工核对,【reject】评论数低于原累计评论数（原 144 → 本次 143），疑似抓取错误,Cotti Coffee (Cabramatta),"https://www.google.com/maps/place/Cotti+Coffee+(Cabramatta)/@-33.8948839,150.9362252,17z/data=!3m1!4b1!4m6!3m5!1s0x6b12971974c4c275:0x85bfdd3e8716a229!8m2!3d-33.8948839!4d150.9362252!16s%2Fg%2F11vrzg3rdh?entry=ttu&g_ep=EgoyMDI2MDUxMy4wIKXMDSoASAFQAw%3D%3D",请确认是否已进入负样本库
低,搜索链接,低优先级：有空再把 search 链接换成真实 /maps/place/ 链接,,191,澳大利亚,Clayton,已查询,搜索结果第一条命中，建议抽查,Cotti Coffee (Clayton),https://www.google.com/maps/search/Cotti+Coffee+Clayton+Australia,建议人工确认真实 place 链接
低,搜索链接,低优先级：有空再把 search 链接换成真实 /maps/place/ 链接,,192,澳大利亚,Eastwood,已查询,搜索结果第一条命中，建议抽查,Cotti Coffee (Eastwood),https://www.google.com/maps/search/Cotti+Coffee+Eastwood+Australia,建议人工确认真实 place 链接
高,需人工核对,打开 Google Maps，确认真实门店；真实则补 /maps/place/ 链接，不真实则备注 【reject:原因】,真实则补 place 链接；错误则写 【reject:原因】,193,澳大利亚,Elizabeth,需人工核对,"【reject】Google门店名称与人工维护名称差异较大（人工: Cotti Coffee - Tustin 4.8(26) · $1–10 Coffee store ·  · 14089 Newport Ave Closed · Opens 9 AM ""This Cotti Coffee location is → 本次: Cotti Coffee(Flinders Street Station)）","Cotti Coffee - Tustin 4.8(26) · $1–10 Coffee store ·  · 14089 Newport Ave Closed · Opens 9 AM ""This Cotti Coffee location is",https://www.google.com/maps/search/Cotti+Coffee+Elizabeth+Sydney,当前状态需要人工确认
高,reject备注,确认这是错误候选；保留 【reject:原因】，周更会同步进负样本库,【reject:误命中】,193,澳大利亚,Elizabeth,需人工核对,"【reject】Google门店名称与人工维护名称差异较大（人工: Cotti Coffee - Tustin 4.8(26) · $1–10 Coffee store ·  · 14089 Newport Ave Closed · Opens 9 AM ""This Cotti Coffee location is → 本次: Cotti Coffee(Flinders Street Station)）","Cotti Coffee - Tustin 4.8(26) · $1–10 Coffee store ·  · 14089 Newport Ave Closed · Opens 9 AM ""This Cotti Coffee location is",https://www.google.com/maps/search/Cotti+Coffee+Elizabeth+Sydney,请确认是否已进入负样本库
低,搜索链接,低优先级：有空再把 search 链接换成真实 /maps/place/ 链接,,193,澳大利亚,Elizabeth,需人工核对,"【reject】Google门店名称与人工维护名称差异较大（人工: Cotti Coffee - Tustin 4.8(26) · $1–10 Coffee store ·  · 14089 Newport Ave Closed · Opens 9 AM ""This Cotti Coffee location is → 本次: Cotti Coffee(Flinders Street Station)）","Cotti Coffee - Tustin 4.8(26) · $1–10 Coffee store ·  · 14089 Newport Ave Closed · Opens 9 AM ""This Cotti Coffee location is",https://www.google.com/maps/search/Cotti+Coffee+Elizabeth+Sydney,建议人工确认真实 place 链接
低,搜索链接,低优先级：有空再把 search 链接换成真实 /maps/place/ 链接,,194,澳大利亚,Exhibition,已查询,搜索结果第一条命中，建议抽查,Cotti Coffee (Exhibition),https://www.google.com/maps/search/Cotti+Coffee+Exhibition+Sydney,建议人工确认真实 place 链接
低,搜索链接,低优先级：有空再把 search 链接换成真实 /maps/place/ 链接,,196,澳大利亚,Footscray,已查询,搜索结果第一条命中，建议抽查；补漏query命中: Cotti Coffee Footscray Australia,Cotti Coffee（Footscray),https://www.google.com/maps/search/Cotti+Coffee+Footscray+Australia,建议人工确认真实 place 链接
低,搜索链接,低优先级：有空再把 search 链接换成真实 /maps/place/ 链接,,198,澳大利亚,Hawthorn,已查询,搜索结果第一条命中，建议抽查,Cotti Coffee Hawthorn,https://www.google.com/maps/search/Cotti+Coffee+Hawthorn+Australia,建议人工确认真实 place 链接
低,搜索链接,低优先级：有空再把 search 链接换成真实 /maps/place/ 链接,,199,澳大利亚,Haymarket,已查询,搜索结果第一条命中，建议抽查,Cotti Coffee (Haymarket),https://www.google.com/maps/search/Cotti+Coffee+Haymarket+Australia,建议人工确认真实 place 链接
低,搜索链接,低优先级：有空再把 search 链接换成真实 /maps/place/ 链接,,201,澳大利亚,Hurstville Westfield,已查询,搜索结果第一条命中，建议抽查,Cotti Coffee (Hurstville Westfield),https://www.google.com/maps/search/Cotti+Coffee+Hurstville+Westfield+Sydney,建议人工确认真实 place 链接
低,搜索链接,低优先级：有空再把 search 链接换成真实 /maps/place/ 链接,,205,澳大利亚,Manly Beach,已查询,搜索结果第一条命中，建议抽查；补漏query命中: Cotti Coffee Manly Beach Australia,Cotti Coffee(Manly Beach),https://www.google.com/maps/search/Cotti+Coffee+Manly+Beach+Australia,建议人工确认真实 place 链接
低,搜索链接,低优先级：有空再把 search 链接换成真实 /maps/place/ 链接,,206,澳大利亚,Mascot,已查询,搜索结果第一条命中，建议抽查,COTTI COFFEE (Mascot),https://www.google.com/maps/search/Cotti+Coffee+Mascot+Australia,建议人工确认真实 place 链接
低,搜索链接,低优先级：有空再把 search 链接换成真实 /maps/place/ 链接,,207,澳大利亚,Melbourne University,已查询,搜索结果第一条命中，建议抽查,Cotti Coffee(Melbourne University),https://www.google.com/maps/search/Cotti+Coffee+Melbourne+University+Australia,建议人工确认真实 place 链接
低,搜索链接,低优先级：有空再把 search 链接换成真实 /maps/place/ 链接,,208,澳大利亚,North Lakes Westfield,已查询,搜索结果第一条命中，建议抽查；补漏query命中: Cotti Coffee North Lakes Westfield Australia,Cotti Coffee (North Lakes),https://www.google.com/maps/search/Cotti+Coffee+North+Lakes+Westfield+Australia,建议人工确认真实 place 链接
低,搜索链接,低优先级：有空再把 search 链接换成真实 /maps/place/ 链接,,209,澳大利亚,North Sydney,已查询,搜索结果第一条命中，建议抽查,Cotti Coffee (North Sydney),https://www.google.com/maps/search/Cotti+Coffee+North+Sydney+Sydney,建议人工确认真实 place 链接
低,搜索链接,低优先级：有空再把 search 链接换成真实 /maps/place/ 链接,,211,澳大利亚,Pinelands plaza,已查询,搜索结果第一条命中，建议抽查,Cotti Coffee(Pinelands plaza),https://www.google.com/maps/search/Cotti+Coffee+Pinelands+plaza+Australia,建议人工确认真实 place 链接
低,搜索链接,低优先级：有空再把 search 链接换成真实 /maps/place/ 链接,,212,澳大利亚,Redfern,已查询,搜索结果第一条命中，建议抽查,COTTI COFFEE (Redfern),https://www.google.com/maps/search/Cotti+Coffee+Redfern+Australia,建议人工确认真实 place 链接
高,需人工核对,打开 Google Maps，确认真实门店；真实则补 /maps/place/ 链接，不真实则备注 【reject:原因】,真实则补 place 链接；错误则写 【reject:原因】,213,澳大利亚,Rhodes,需人工核对,【reject】评论数低于原累计评论数（原 124 → 本次 123），疑似抓取错误,Cotti Coffee(Rhodes）,"https://www.google.com/maps/place/Cotti+Coffee(Rhodes%EF%BC%89/@-33.8305032,151.0863233,17z/data=!3m1!4b1!4m6!3m5!1s0x6b12a5dd4bb77a51:0x99ece493a53e06ec!8m2!3d-33.8305032!4d151.0863233!16s%2Fg%2F11wtvwr20f?entry=ttu",当前状态需要人工确认
高,reject备注,确认这是错误候选；保留 【reject:原因】，周更会同步进负样本库,【reject:误命中】,213,澳大利亚,Rhodes,需人工核对,【reject】评论数低于原累计评论数（原 124 → 本次 123），疑似抓取错误,Cotti Coffee(Rhodes）,"https://www.google.com/maps/place/Cotti+Coffee(Rhodes%EF%BC%89/@-33.8305032,151.0863233,17z/data=!3m1!4b1!4m6!3m5!1s0x6b12a5dd4bb77a51:0x99ece493a53e06ec!8m2!3d-33.8305032!4d151.0863233!16s%2Fg%2F11wtvwr20f?entry=ttu",请确认是否已进入负样本库
低,搜索链接,低优先级：有空再把 search 链接换成真实 /maps/place/ 链接,,214,澳大利亚,Rosebery Plaza,已查询,搜索结果第一条命中，建议抽查,Cotti Coffee(Rosebery Plaza),https://www.google.com/maps/search/Cotti+Coffee+Rosebery+Plaza+Australia,建议人工确认真实 place 链接
低,搜索链接,低优先级：有空再把 search 链接换成真实 /maps/place/ 链接,,215,澳大利亚,South Yarra,已查询,搜索结果第一条命中，建议抽查,Cotti Coffee(South Yarra),https://www.google.com/maps/search/Cotti+Coffee+South+Yarra+Australia,建议人工确认真实 place 链接
低,搜索链接,低优先级：有空再把 search 链接换成真实 /maps/place/ 链接,,216,澳大利亚,Southern Cross Station,已查询,搜索结果第一条命中，建议抽查,Cotti Coffee (Southern Cross Station),https://www.google.com/maps/search/Cotti+Coffee+Southern+Cross+Station+Australia,建议人工确认真实 place 链接
低,搜索链接,低优先级：有空再把 search 链接换成真实 /maps/place/ 链接,,217,澳大利亚,Southport,已查询,搜索结果第一条命中，建议抽查,Cotti Coffee (Southport),https://www.google.com/maps/search/Cotti+Coffee+Southport+Australia,建议人工确认真实 place 链接
低,搜索链接,低优先级：有空再把 search 链接换成真实 /maps/place/ 链接,,218,澳大利亚,Springvale,已查询,搜索结果第一条命中，建议抽查,Cotti Coffee(Springvale),https://www.google.com/maps/search/Cotti+Coffee+Springvale+Australia,建议人工确认真实 place 链接
低,搜索链接,低优先级：有空再把 search 链接换成真实 /maps/place/ 链接,,219,澳大利亚,St Georges Tce,已查询,搜索结果第一条命中，建议抽查,Cotti Coffee (St Georges Tce),https://www.google.com/maps/search/Cotti+Coffee+St+Georges+Tce+Australia,建议人工确认真实 place 链接
低,搜索链接,低优先级：有空再把 search 链接换成真实 /maps/place/ 链接,,220,澳大利亚,Tea Tree Plaza,已查询,搜索结果第一条命中，建议抽查；补漏query命中: Cotti Coffee Tea Tree Plaza Australia,Cotti Coffee (Tea Tree Plaza),https://www.google.com/maps/search/Cotti+Coffee+Tea+Tree+Plaza+Australia,建议人工确认真实 place 链接
低,搜索链接,低优先级：有空再把 search 链接换成真实 /maps/place/ 链接,,221,澳大利亚,Uptown,已查询,搜索结果第一条命中，建议抽查,Cotti Coffee (North Sydney) 4.9(84) · A$1–20 Coffee shop · Shop 6/99 Mount St Open · Closes 6 PM Dine-in · Takeout · No-conta,https://www.google.com/maps/search/Cotti+Coffee+Uptown+Sydney,建议人工确认真实 place 链接
高,需人工核对,打开 Google Maps，确认真实门店；真实则补 /maps/place/ 链接，不真实则备注 【reject:原因】,真实则补 place 链接；错误则写 【reject:原因】,222,澳大利亚,Waterloo,需人工核对,【reject】评论数低于原累计评论数（原 77 → 本次 71），疑似抓取错误,Cotti Coffee 4.0(7) · A$1–20 Coffee shop · shop 2/52 O'Dea Ave Open · Closes 9 PM Dine-in · Curbside pickup · No-contact deli,https://www.google.com/maps/search/Cotti+Coffee+Waterloo+Sydney,当前状态需要人工确认
高,reject备注,确认这是错误候选；保留 【reject:原因】，周更会同步进负样本库,【reject:误命中】,222,澳大利亚,Waterloo,需人工核对,【reject】评论数低于原累计评论数（原 77 → 本次 71），疑似抓取错误,Cotti Coffee 4.0(7) · A$1–20 Coffee shop · shop 2/52 O'Dea Ave Open · Closes 9 PM Dine-in · Curbside pickup · No-contact deli,https://www.google.com/maps/search/Cotti+Coffee+Waterloo+Sydney,请确认是否已进入负样本库
低,搜索链接,低优先级：有空再把 search 链接换成真实 /maps/place/ 链接,,222,澳大利亚,Waterloo,需人工核对,【reject】评论数低于原累计评论数（原 77 → 本次 71），疑似抓取错误,Cotti Coffee 4.0(7) · A$1–20 Coffee shop · shop 2/52 O'Dea Ave Open · Closes 9 PM Dine-in · Curbside pickup · No-contact deli,https://www.google.com/maps/search/Cotti+Coffee+Waterloo+Sydney,建议人工确认真实 place 链接
高,需人工核对,打开 Google Maps，确认真实门店；真实则补 /maps/place/ 链接，不真实则备注 【reject:原因】,真实则补 place 链接；错误则写 【reject:原因】,223,澳大利亚,Westfield Doncaster,需人工核对,【reject】评论数低于原累计评论数（原 11 → 本次 8），疑似抓取错误,Cotti Coffee (Westfield Doncaster),https://www.google.com/maps/search/Cotti+Coffee+Westfield+Doncaster+Australia,当前状态需要人工确认
高,reject备注,确认这是错误候选；保留 【reject:原因】，周更会同步进负样本库,【reject:误命中】,223,澳大利亚,Westfield Doncaster,需人工核对,【reject】评论数低于原累计评论数（原 11 → 本次 8），疑似抓取错误,Cotti Coffee (Westfield Doncaster),https://www.google.com/maps/search/Cotti+Coffee+Westfield+Doncaster+Australia,请确认是否已进入负样本库
低,搜索链接,低优先级：有空再把 search 链接换成真实 /maps/place/ 链接,,223,澳大利亚,Westfield Doncaster,需人工核对,【reject】评论数低于原累计评论数（原 11 → 本次 8），疑似抓取错误,Cotti Coffee (Westfield Doncaster),https://www.google.com/maps/search/Cotti+Coffee+Westfield+Doncaster+Australia,建议人工确认真实 place 链接
低,搜索链接,低优先级：有空再把 search 链接换成真实 /maps/place/ 链接,,224,菲律宾,Ayala Malls Manila Bay,已查询,搜索结果第一条命中，建议抽查,Cotti Coffee Ayala Malls Manila Bay,https://www.google.com/maps/search/Cotti+Coffee+Ayala+Malls+Manila+Bay+Philippines,建议人工确认真实 place 链接
低,搜索链接,低优先级：有空再把 search 链接换成真实 /maps/place/ 链接,,226,菲律宾,FEU Morayta,已查询,搜索结果第一条命中，建议抽查,Cotti Coffee - FEU Morayta,https://www.google.com/maps/search/Cotti+Coffee+FEU+Morayta+Philippines,建议人工确认真实 place 链接
低,搜索链接,低优先级：有空再把 search 链接换成真实 /maps/place/ 链接,,227,菲律宾,Gaisano mall of Davao,已查询,搜索结果第一条命中，建议抽查,COTTI COFFEE - Gaisano mall of Davao,https://www.google.com/maps/search/Cotti+Coffee+Gaisano+mall+of+Davao+Philippines,建议人工确认真实 place 链接
低,搜索链接,低优先级：有空再把 search 链接换成真实 /maps/place/ 链接,,228,菲律宾,HRC Center,已查询,搜索结果第一条命中，建议抽查,Cotti Coffee - HRC Center,https://www.google.com/maps/search/Cotti+Coffee+HRC+Center+Philippines,建议人工确认真实 place 链接
低,搜索链接,低优先级：有空再把 search 链接换成真实 /maps/place/ 链接,,229,菲律宾,Lucky Chinatown Mall,已查询,搜索结果第一条命中，建议抽查,Cotti Coffee - Lucky Chinatown Mall,https://www.google.com/maps/search/Cotti+Coffee+Lucky+Chinatown+Mall+Philippines,建议人工确认真实 place 链接
中,Google门店名过泛,确认链接真实后，在 E 列补成人工可识别名称，如 Cotti Coffee - 商场/街道,,230,菲律宾,Mj Plaza,已查询,搜索结果第一条命中，建议抽查,Cotti Coffee - Mj Plaza,https://www.google.com/maps/search/Cotti+Coffee+Mj+Plaza+Philippines,名称只有品牌词，无法辅助判断是否同店
低,搜索链接,低优先级：有空再把 search 链接换成真实 /maps/place/ 链接,,230,菲律宾,Mj Plaza,已查询,搜索结果第一条命中，建议抽查,Cotti Coffee - Mj Plaza,https://www.google.com/maps/search/Cotti+Coffee+Mj+Plaza+Philippines,建议人工确认真实 place 链接
低,搜索链接,低优先级：有空再把 search 链接换成真实 /maps/place/ 链接,,231,菲律宾,Nova Plaza Mall,已查询,搜索结果第一条命中，建议抽查,Cotti Coffee - Nova Plaza Mall,https://www.google.com/maps/search/Cotti+Coffee+Nova+Plaza+Mall+Philippines,建议人工确认真实 place 链接
低,搜索链接,低优先级：有空再把 search 链接换成真实 /maps/place/ 链接,,233,菲律宾,Paseo Center Makati,已查询,搜索结果第一条命中，建议抽查,Cotti Coffee - Paseo Center Makati,https://www.google.com/maps/search/Cotti+Coffee+Paseo+Center+Makati+Philippines,建议人工确认真实 place 链接
低,搜索链接,低优先级：有空再把 search 链接换成真实 /maps/place/ 链接,,237,菲律宾,SM Center Lemery,已查询,搜索结果第一条命中，建议抽查,Cotti Coffee - SM Center Lemery,https://www.google.com/maps/search/Cotti+Coffee+SM+Center+Lemery+Philippines,建议人工确认真实 place 链接
低,搜索链接,低优先级：有空再把 search 链接换成真实 /maps/place/ 链接,,239,菲律宾,SMDC Jazz Mall,已查询,搜索结果第一条命中，建议抽查,COTTI COFFEE - SMDC Jazz Mall,https://www.google.com/maps/search/Cotti+Coffee+SMDC+Jazz+Mall+Philippines,建议人工确认真实 place 链接
高,需人工核对,打开 Google Maps，确认真实门店；真实则补 /maps/place/ 链接，不真实则备注 【reject:原因】,真实则补 place 链接；错误则写 【reject:原因】,240,菲律宾,UST Dapitan Navarro,需人工核对,"【reject】Google门店名称与人工维护名称差异较大（人工: Cotti Coffee - NOVO TAYUMAN No reviewsCoffee shop · 1160, novo department store, 1164 Tayuman StOpen 24 hours Dine-in·Takeout → 本次: Cotti Coffee - UST Dapitan Navarra）","Cotti Coffee - NOVO TAYUMAN No reviewsCoffee shop · 1160, novo department store, 1164 Tayuman StOpen 24 hours Dine-in·Takeout",https://www.google.com/maps/search/Cotti+Coffee+%22UST+Dapitan+Navarro%22+Philippines,当前状态需要人工确认
高,reject备注,确认这是错误候选；保留 【reject:原因】，周更会同步进负样本库,【reject:误命中】,240,菲律宾,UST Dapitan Navarro,需人工核对,"【reject】Google门店名称与人工维护名称差异较大（人工: Cotti Coffee - NOVO TAYUMAN No reviewsCoffee shop · 1160, novo department store, 1164 Tayuman StOpen 24 hours Dine-in·Takeout → 本次: Cotti Coffee - UST Dapitan Navarra）","Cotti Coffee - NOVO TAYUMAN No reviewsCoffee shop · 1160, novo department store, 1164 Tayuman StOpen 24 hours Dine-in·Takeout",https://www.google.com/maps/search/Cotti+Coffee+%22UST+Dapitan+Navarro%22+Philippines,请确认是否已进入负样本库
低,搜索链接,低优先级：有空再把 search 链接换成真实 /maps/place/ 链接,,240,菲律宾,UST Dapitan Navarro,需人工核对,"【reject】Google门店名称与人工维护名称差异较大（人工: Cotti Coffee - NOVO TAYUMAN No reviewsCoffee shop · 1160, novo department store, 1164 Tayuman StOpen 24 hours Dine-in·Takeout → 本次: Cotti Coffee - UST Dapitan Navarra）","Cotti Coffee - NOVO TAYUMAN No reviewsCoffee shop · 1160, novo department store, 1164 Tayuman StOpen 24 hours Dine-in·Takeout",https://www.google.com/maps/search/Cotti+Coffee+%22UST+Dapitan+Navarro%22+Philippines,建议人工确认真实 place 链接
低,搜索链接,低优先级：有空再把 search 链接换成真实 /maps/place/ 链接,,243,菲律宾,WM Trece Cavite,已查询,搜索结果第一条命中，建议抽查,Cotti Coffee - WM Trece Cavite,https://www.google.com/maps/search/Cotti+Coffee+WM+Trece+Cavite+Philippines,建议人工确认真实 place 链接
低,Google暂未找到,补更具体门店名/城市/商场；若仍找不到，备注保留 【pending:not_found】,【pending:not_found】Google Maps 暂未找到,245,越南,HD Mon,Google暂未找到,【pending:not_found】Google Maps 暂未找到或页面无法解析,Cotti Coffee - HD Mon,https://www.google.com/maps/search/HD+Mon+Vietnam,已人工标记为 Google暂未找到；后续周更会继续尝试但不作为高优先级失败
低,搜索链接,低优先级：有空再把 search 链接换成真实 /maps/place/ 链接,,245,越南,HD Mon,Google暂未找到,【pending:not_found】Google Maps 暂未找到或页面无法解析,Cotti Coffee - HD Mon,https://www.google.com/maps/search/HD+Mon+Vietnam,建议人工确认真实 place 链接
低,搜索链接,低优先级：有空再把 search 链接换成真实 /maps/place/ 链接,,251,越南,SC VivoCity,已查询,搜索结果第一条命中，建议抽查；补漏query命中: Cotti Coffee SC VivoCity Vietnam,Cotti Coffee - SC VivoCity,https://www.google.com/maps/search/Cotti+Coffee+SC+VivoCity+Vietnam,建议人工确认真实 place 链接
低,搜索链接,低优先级：有空再把 search 链接换成真实 /maps/place/ 链接,,252,越南,Vincom Mega Mall,已查询,搜索结果第一条命中，建议抽查,COTTI COFFEE - Vincom MegaMall,https://www.google.com/maps/search/Cotti+Coffee+Vincom+Mega+Mall+Vietnam,建议人工确认真实 place 链接
低,搜索链接,低优先级：有空再把 search 链接换成真实 /maps/place/ 链接,,256,阿联酋,Al Twar Centre,已查询,搜索结果第一条命中，建议抽查,Cotti Coffee-Sahara Centre,https://www.google.com/maps/search/Cotti+Coffee+Al+Twar+Centre+United+Arab+Emirates,建议人工确认真实 place 链接
低,搜索链接,低优先级：有空再把 search 链接换成真实 /maps/place/ 链接,,257,阿联酋,Burjuman,已查询,搜索结果第一条命中，建议抽查,Cotti Coffee - BurJuman,https://www.google.com/maps/search/Cotti+Coffee+Burjuman+United+Arab+Emirates,建议人工确认真实 place 链接
低,搜索链接,低优先级：有空再把 search 链接换成真实 /maps/place/ 链接,,259,阿联酋,City Centre Sharjah,已查询,搜索结果第一条命中，建议抽查,Cotti Coffee - City Centre Sharjah,https://www.google.com/maps/search/Cotti+Coffee+City+Centre+Sharjah+United+Arab+Emirates,建议人工确认真实 place 链接
低,搜索链接,低优先级：有空再把 search 链接换成真实 /maps/place/ 链接,,260,阿联酋,City Centre Shindagha,已查询,搜索结果第一条命中，建议抽查,Cotti Coffee- City Centre Shindagha,https://www.google.com/maps/search/Cotti+Coffee+City+Centre+Shindagha+United+Arab+Emirates,建议人工确认真实 place 链接
低,搜索链接,低优先级：有空再把 search 链接换成真实 /maps/place/ 链接,,261,阿联酋,CityLife Al Tallah,已查询,搜索结果第一条命中，建议抽查；补漏query命中: Cotti Coffee CityLife Al Tallah United Arab Emirates,Cotti Coffee- City Life Al Tallah,https://www.google.com/maps/search/Cotti+Coffee+CityLife+Al+Tallah+United+Arab+Emirates,建议人工确认真实 place 链接
低,搜索链接,低优先级：有空再把 search 链接换成真实 /maps/place/ 链接,,264,阿联酋,DIP Carrefour Market,已查询,搜索结果第一条命中，建议抽查,Cotti Coffee-DIP1,https://www.google.com/maps/search/Cotti+Coffee+DIP+Carrefour+Market+United+Arab+Emirates,建议人工确认真实 place 链接
低,搜索链接,低优先级：有空再把 search 链接换成真实 /maps/place/ 链接,,265,阿联酋,Dubai Knowledge Park,已查询,搜索结果第一条命中，建议抽查,Cotti Coffee - Dubai knowledge park,https://www.google.com/maps/search/Cotti+Coffee+Dubai+Knowledge+Park+United+Arab+Emirates,建议人工确认真实 place 链接
低,搜索链接,低优先级：有空再把 search 链接换成真实 /maps/place/ 链接,,266,阿联酋,HCT Academic City,已查询,搜索结果第一条命中，建议抽查,Cotti Coffee - Academic City,https://www.google.com/maps/search/Cotti+Coffee+HCT+Academic+City+United+Arab+Emirates,建议人工确认真实 place 链接
低,暂无评分评论,无需补评分；保留真实 place 链接，并在备注保留 【confirmed:no_reviews】,【confirmed:no_reviews】真实门店，暂无评分评论,267,阿联酋,HCT Nahda,暂无评分评论,【confirmed:no_reviews】真实门店，暂无评分评论,Cotti Coffee-HCT Nahda,https://www.google.com/maps/search/Cotti+Coffee+HCT+Nahda+United+Arab+Emirates,已人工标记为 暂无评分评论；后续周更会继续尝试但不作为高优先级失败
低,搜索链接,低优先级：有空再把 search 链接换成真实 /maps/place/ 链接,,267,阿联酋,HCT Nahda,暂无评分评论,【confirmed:no_reviews】真实门店，暂无评分评论,Cotti Coffee-HCT Nahda,https://www.google.com/maps/search/Cotti+Coffee+HCT+Nahda+United+Arab+Emirates,建议人工确认真实 place 链接
低,搜索链接,低优先级：有空再把 search 链接换成真实 /maps/place/ 链接,,268,阿联酋,I-Rise Tower,已查询,搜索结果第一条命中，建议抽查,Cotti Coffee - I-Rise Tower,https://www.google.com/maps/search/Cotti+Coffee+I-Rise+Tower+United+Arab+Emirates,建议人工确认真实 place 链接
低,搜索链接,低优先级：有空再把 search 链接换成真实 /maps/place/ 链接,,269,阿联酋,JBC3,已查询,搜索结果第一条命中，建议抽查,Cotti Coffee -JBC3,https://www.google.com/maps/search/Cotti+Coffee+JBC3+United+Arab+Emirates,建议人工确认真实 place 链接
低,搜索链接,低优先级：有空再把 search 链接换成真实 /maps/place/ 链接,,270,阿联酋,JBC4,已查询,搜索结果第一条命中，建议抽查；补漏query命中: Cotti Coffee JBC4 United Arab Emirates,Cotti Coffee JBC4 United Arab Emirates Available filters for this search Learn more about legal disclosure regarding public r,https://www.google.com/maps/search/Cotti+Coffee+JBC4+United+Arab+Emirates,建议人工确认真实 place 链接
低,搜索链接,低优先级：有空再把 search 链接换成真实 /maps/place/ 链接,,271,阿联酋,Jafza One,已查询,搜索结果第一条命中，建议抽查,Cotti Coffee - Jafza View 18&19,https://www.google.com/maps/search/Cotti+Coffee+Jafza+One+United+Arab+Emirates,建议人工确认真实 place 链接
低,搜索链接,低优先级：有空再把 search 链接换成真实 /maps/place/ 链接,,272,阿联酋,Jafza Views18&19,已查询,搜索结果第一条命中，建议抽查,Cotti Coffee - Jafza View 18&19,https://www.google.com/maps/search/Cotti+Coffee+Jafza+Views18%2619+United+Arab+Emirates,建议人工确认真实 place 链接
低,搜索链接,低优先级：有空再把 search 链接换成真实 /maps/place/ 链接,,273,阿联酋,Lulu Souk Warsan,已查询,搜索结果第一条命中，建议抽查,Cotti Coffee- LuLu Souk Warsan,https://www.google.com/maps/search/Cotti+Coffee+Lulu+Souk+Warsan+United+Arab+Emirates,建议人工确认真实 place 链接
低,搜索链接,低优先级：有空再把 search 链接换成真实 /maps/place/ 链接,,274,阿联酋,Mega Mall,已查询,搜索结果第一条命中，建议抽查,Cotti coffee-Megamall,https://www.google.com/maps/search/Cotti+Coffee+Mega+Mall+United+Arab+Emirates,建议人工确认真实 place 链接
高,需人工核对,打开 Google Maps，确认真实门店；真实则补 /maps/place/ 链接，不真实则备注 【reject:原因】,真实则补 place 链接；错误则写 【reject:原因】,275,阿联酋,Muraqqabat,需人工核对,【reject】Google门店名称与人工维护名称差异较大（人工: Cotti Coffee - Muraqqabat Express → 本次: Cotti Coffee - Al Ghurair Center 4.4(76) · AED 1–50 Coffee store · Al Rigga Rd Open · Closes 10 PM Onsite services Cotti Coff）,Cotti Coffee - Muraqqabat Express,https://www.google.com/maps/search/Cotti+Coffee+Muraqqabat+United+Arab+Emirates,当前状态需要人工确认
高,reject备注,确认这是错误候选；保留 【reject:原因】，周更会同步进负样本库,【reject:误命中】,275,阿联酋,Muraqqabat,需人工核对,【reject】Google门店名称与人工维护名称差异较大（人工: Cotti Coffee - Muraqqabat Express → 本次: Cotti Coffee - Al Ghurair Center 4.4(76) · AED 1–50 Coffee store · Al Rigga Rd Open · Closes 10 PM Onsite services Cotti Coff）,Cotti Coffee - Muraqqabat Express,https://www.google.com/maps/search/Cotti+Coffee+Muraqqabat+United+Arab+Emirates,请确认是否已进入负样本库
低,搜索链接,低优先级：有空再把 search 链接换成真实 /maps/place/ 链接,,275,阿联酋,Muraqqabat,需人工核对,【reject】Google门店名称与人工维护名称差异较大（人工: Cotti Coffee - Muraqqabat Express → 本次: Cotti Coffee - Al Ghurair Center 4.4(76) · AED 1–50 Coffee store · Al Rigga Rd Open · Closes 10 PM Onsite services Cotti Coff）,Cotti Coffee - Muraqqabat Express,https://www.google.com/maps/search/Cotti+Coffee+Muraqqabat+United+Arab+Emirates,建议人工确认真实 place 链接
低,暂无评分评论,无需补评分；保留真实 place 链接，并在备注保留 【confirmed:no_reviews】,【confirmed:no_reviews】真实门店，暂无评分评论,276,阿联酋,Publishing Pavilion,暂无评分评论,【confirmed:no_reviews】真实门店，暂无评分评论,Cotti Coffee- Publishing Pavilion,"https://www.google.com/maps/place/Cotti+Coffee-+Publishing+Pavilion/@25.0364884,55.1903917,17z/data=!3m1!4b1!4m6!3m5!1s0x3e5f6dbb082e6f63:0xfe5fba05b497e4d7!8m2!3d25.0364884!4d55.1903917!16s%2Fg%2F11z6qsljyb?entry=ttu",已人工标记为 暂无评分评论；后续周更会继续尝试但不作为高优先级失败
低,搜索链接,低优先级：有空再把 search 链接换成真实 /maps/place/ 链接,,277,阿联酋,Reef Mall,已查询,搜索结果第一条命中，建议抽查,Cotti Coffee - Reef Mall,https://www.google.com/maps/search/Cotti+Coffee+Reef+Mall+United+Arab+Emirates,建议人工确认真实 place 链接
低,搜索链接,低优先级：有空再把 search 链接换成真实 /maps/place/ 链接,,278,阿联酋,Reef Tower,已查询,搜索结果第一条命中，建议抽查,Cotti Coffee-Reef Tower,https://www.google.com/maps/search/Cotti+Coffee+Reef+Tower+United+Arab+Emirates,建议人工确认真实 place 链接
高,需人工核对,打开 Google Maps，确认真实门店；真实则补 /maps/place/ 链接，不真实则备注 【reject:原因】,真实则补 place 链接；错误则写 【reject:原因】,281,阿联酋,Singlong,需人工核对,【reject】评论数低于原累计评论数（原 9 → 本次 8），疑似抓取错误,Cotti Coffee-Singlong,"https://www.google.com/maps/place/Cotti+Coffee-Singlong/@25.1031413,55.1658798,17z/data=!3m1!4b1!4m6!3m5!1s0x3e5f6bbe3dad006d:0x7e0fc9b6a6d5b08!8m2!3d25.1031413!4d55.1658798!16s%2Fg%2F11wvc8tfc8?entry=ttu&g_ep=EgoyMDI2MDUxMy4wIKXMDSoASAFQAw%3D%3D",当前状态需要人工确认
高,reject备注,确认这是错误候选；保留 【reject:原因】，周更会同步进负样本库,【reject:误命中】,281,阿联酋,Singlong,需人工核对,【reject】评论数低于原累计评论数（原 9 → 本次 8），疑似抓取错误,Cotti Coffee-Singlong,"https://www.google.com/maps/place/Cotti+Coffee-Singlong/@25.1031413,55.1658798,17z/data=!3m1!4b1!4m6!3m5!1s0x3e5f6bbe3dad006d:0x7e0fc9b6a6d5b08!8m2!3d25.1031413!4d55.1658798!16s%2Fg%2F11wvc8tfc8?entry=ttu&g_ep=EgoyMDI2MDUxMy4wIKXMDSoASAFQAw%3D%3D",请确认是否已进入负样本库
低,搜索链接,低优先级：有空再把 search 链接换成真实 /maps/place/ 链接,,282,阿联酋,Souq Extra,已查询,搜索结果第一条命中，建议抽查,Cotti Coffee - DSO Souq Extra,https://www.google.com/maps/search/Cotti+Coffee+Souq+Extra+United+Arab+Emirates,建议人工确认真实 place 链接
低,搜索链接,低优先级：有空再把 search 链接换成真实 /maps/place/ 链接,,283,阿联酋,Taiwan Cake,已查询,搜索结果第一条命中，建议抽查,Cotti Coffee - Taiwan Cake Express,https://www.google.com/maps/search/Cotti+Coffee+Taiwan+Cake+United+Arab+Emirates,建议人工确认真实 place 链接
低,搜索链接,低优先级：有空再把 search 链接换成真实 /maps/place/ 链接,,284,马来西亚,Aman Central,已查询,搜索结果第一条命中，建议抽查,Cotti Coffee 库迪咖啡 - Aman Central,https://www.google.com/maps/search/Cotti+Coffee+Aman+Central+Malaysia,建议人工确认真实 place 链接
低,搜索链接,低优先级：有空再把 search 链接换成真实 /maps/place/ 链接,,285,马来西亚,Amcorp Mall,已查询,搜索结果第一条命中，建议抽查,Cotti Coffee 库迪咖啡 - Amcorp Mall,https://www.google.com/maps/search/Cotti+Coffee+Amcorp+Mall+Malaysia,建议人工确认真实 place 链接
中,Google门店名过泛,确认链接真实后，在 E 列补成人工可识别名称，如 Cotti Coffee - 商场/街道,,286,马来西亚,Bandar Sri Permaisuri,已查询,搜索结果第一条命中，建议抽查,Cotti Coffee,https://www.google.com/maps/search/Cotti+Coffee+Bandar+Sri+Permaisuri+Malaysia,名称只有品牌词，无法辅助判断是否同店
低,搜索链接,低优先级：有空再把 search 链接换成真实 /maps/place/ 链接,,286,马来西亚,Bandar Sri Permaisuri,已查询,搜索结果第一条命中，建议抽查,Cotti Coffee,https://www.google.com/maps/search/Cotti+Coffee+Bandar+Sri+Permaisuri+Malaysia,建议人工确认真实 place 链接
低,搜索链接,低优先级：有空再把 search 链接换成真实 /maps/place/ 链接,,287,马来西亚,China Town Sand Hotel,已查询,搜索结果第一条命中，建议抽查,COTTI COFFEE- China Town Sand Hotel,https://www.google.com/maps/search/Cotti+Coffee+China+Town+Sand+Hotel+Malaysia,建议人工确认真实 place 链接
低,搜索链接,低优先级：有空再把 search 链接换成真实 /maps/place/ 链接,,288,马来西亚,Damansara City Mall,已查询,搜索结果第一条命中，建议抽查,Cotti Coffee - Damansara City Mall,https://www.google.com/maps/search/Cotti+Coffee+Damansara+City+Mall+Malaysia,建议人工确认真实 place 链接
低,搜索链接,低优先级：有空再把 search 链接换成真实 /maps/place/ 链接,,289,马来西亚,EKO BOTANI,已查询,搜索结果第一条命中，建议抽查,Cotti Coffee-EKO BOTANI,https://www.google.com/maps/search/Cotti+Coffee+EKO+BOTANI+Malaysia,建议人工确认真实 place 链接
低,搜索链接,低优先级：有空再把 search 链接换成真实 /maps/place/ 链接,,290,马来西亚,Hextar World Empire City Mall,已查询,搜索结果第一条命中，建议抽查,Cotti Coffee 库迪咖啡 - Hextar World Empire City Mall,https://www.google.com/maps/search/Cotti+Coffee+Hextar+World+Empire+City+Mall+Malaysia,建议人工确认真实 place 链接
低,搜索链接,低优先级：有空再把 search 链接换成真实 /maps/place/ 链接,,291,马来西亚,JONKER MELAKA,已查询,搜索结果第一条命中，建议抽查,Cotti Coffee 库迪咖啡 - JONKER STREET,https://www.google.com/maps/search/Cotti+Coffee+JONKER+MELAKA+Malaysia,建议人工确认真实 place 链接
低,搜索链接,低优先级：有空再把 search 链接换成真实 /maps/place/ 链接,,292,马来西亚,Leisure Mall Cheras,已查询,搜索结果第一条命中，建议抽查,Cotti Coffee - Leisure Mall Cheras,https://www.google.com/maps/search/Cotti+Coffee+Leisure+Mall+Cheras+Malaysia,建议人工确认真实 place 链接
低,搜索链接,低优先级：有空再把 search 链接换成真实 /maps/place/ 链接,,293,马来西亚,Metro Point Kajang,已查询,搜索结果第一条命中，建议抽查,Metro Point Kajang Cotti coffee,https://www.google.com/maps/search/Cotti+Coffee+Metro+Point+Kajang+Malaysia,建议人工确认真实 place 链接
低,搜索链接,低优先级：有空再把 search 链接换成真实 /maps/place/ 链接,,294,马来西亚,Mydin Bukit Mertajam,已查询,搜索结果第一条命中，建议抽查,COTTI COFFEE 库迪咖啡-Mydin Bukit Mertajam,https://www.google.com/maps/search/Cotti+Coffee+Mydin+Bukit+Mertajam+Malaysia,建议人工确认真实 place 链接
低,搜索链接,低优先级：有空再把 search 链接换成真实 /maps/place/ 链接,,295,马来西亚,PJ New Town,已查询,搜索结果第一条命中，建议抽查,Cotti Coffee 库迪咖啡 - PJ New Town,https://www.google.com/maps/search/Cotti+Coffee+PJ+New+Town+Malaysia,建议人工确认真实 place 链接
高,需人工核对,打开 Google Maps，确认真实门店；真实则补 /maps/place/ 链接，不真实则备注 【reject:原因】,真实则补 place 链接；错误则写 【reject:原因】,296,马来西亚,Plaza KLTS,需人工核对,【reject】评论数低于原累计评论数（原 48 → 本次 47），疑似抓取错误,Cotti Coffee 库迪咖啡 - Plaza KLTS,https://www.google.com/maps/search/Cotti+Coffee+Plaza+KLTS+Malaysia,当前状态需要人工确认
高,reject备注,确认这是错误候选；保留 【reject:原因】，周更会同步进负样本库,【reject:误命中】,296,马来西亚,Plaza KLTS,需人工核对,【reject】评论数低于原累计评论数（原 48 → 本次 47），疑似抓取错误,Cotti Coffee 库迪咖啡 - Plaza KLTS,https://www.google.com/maps/search/Cotti+Coffee+Plaza+KLTS+Malaysia,请确认是否已进入负样本库
低,搜索链接,低优先级：有空再把 search 链接换成真实 /maps/place/ 链接,,296,马来西亚,Plaza KLTS,需人工核对,【reject】评论数低于原累计评论数（原 48 → 本次 47），疑似抓取错误,Cotti Coffee 库迪咖啡 - Plaza KLTS,https://www.google.com/maps/search/Cotti+Coffee+Plaza+KLTS+Malaysia,建议人工确认真实 place 链接
低,搜索链接,低优先级：有空再把 search 链接换成真实 /maps/place/ 链接,,297,马来西亚,Queensbay Mall,已查询,搜索结果第一条命中，建议抽查,Cotti Coffee 库迪咖啡 - Queensbay Mall,https://www.google.com/maps/search/Cotti+Coffee+Queensbay+Mall+Malaysia,建议人工确认真实 place 链接
低,搜索链接,低优先级：有空再把 search 链接换成真实 /maps/place/ 链接,,298,马来西亚,Sunshine Central Penang,已查询,搜索结果第一条命中，建议抽查,Cotti Coffee Sunshine,https://www.google.com/maps/search/Cotti+Coffee+Sunshine+Central+Penang+Malaysia,建议人工确认真实 place 链接
高,需人工核对,打开 Google Maps，确认真实门店；真实则补 /maps/place/ 链接，不真实则备注 【reject:原因】,真实则补 place 链接；错误则写 【reject:原因】,299,马来西亚,Sunway Carnival Mall,需人工核对,【reject】评论数异常暴增（原 29 → 本次 106），疑似误命中商场/其它POI,COTTI COFFEE 库迪咖啡- Sunway Carnival Mall,https://www.google.com/maps/search/Cotti+Coffee+Sunway+Carnival+Mall+Malaysia,当前状态需要人工确认
高,reject备注,确认这是错误候选；保留 【reject:原因】，周更会同步进负样本库,【reject:误命中】,299,马来西亚,Sunway Carnival Mall,需人工核对,【reject】评论数异常暴增（原 29 → 本次 106），疑似误命中商场/其它POI,COTTI COFFEE 库迪咖啡- Sunway Carnival Mall,https://www.google.com/maps/search/Cotti+Coffee+Sunway+Carnival+Mall+Malaysia,请确认是否已进入负样本库
低,搜索链接,低优先级：有空再把 search 链接换成真实 /maps/place/ 链接,,299,马来西亚,Sunway Carnival Mall,需人工核对,【reject】评论数异常暴增（原 29 → 本次 106），疑似误命中商场/其它POI,COTTI COFFEE 库迪咖啡- Sunway Carnival Mall,https://www.google.com/maps/search/Cotti+Coffee+Sunway+Carnival+Mall+Malaysia,建议人工确认真实 place 链接
低,搜索链接,低优先级：有空再把 search 链接换成真实 /maps/place/ 链接,,300,马来西亚,Sunway Velocity Mall,已查询,搜索结果第一条命中，建议抽查,COTTI COFFEE 库迪咖啡 - Sunway Velocity Mall,https://www.google.com/maps/search/Cotti+Coffee+Sunway+Velocity+Mall+Malaysia,建议人工确认真实 place 链接
低,搜索链接,低优先级：有空再把 search 链接换成真实 /maps/place/ 链接,,301,马来西亚,TAR UMT,已查询,搜索结果第一条命中，建议抽查,Cotti Coffee 库迪咖啡 - TAR UMT,https://www.google.com/maps/search/Cotti+Coffee+TAR+UMT+Malaysia,建议人工确认真实 place 链接
低,搜索链接,低优先级：有空再把 search 链接换成真实 /maps/place/ 链接,,302,马来西亚,The Gardens North Tower,已查询,搜索结果第一条命中，建议抽查；补漏query命中: Cotti Coffee The Gardens North Tower Malaysia,Cotti Coffee 库迪咖啡 - The Garden North Tower,https://www.google.com/maps/search/Cotti+Coffee+The+Gardens+North+Tower+Malaysia,建议人工确认真实 place 链接
低,搜索链接,低优先级：有空再把 search 链接换成真实 /maps/place/ 链接,,303,马来西亚,The Mines Shopping Mall,已查询,搜索结果第一条命中，建议抽查,Cotti Coffee 库迪咖啡 - The Mines,https://www.google.com/maps/search/Cotti+Coffee+The+Mines+Shopping+Mall+Malaysia,建议人工确认真实 place 链接
低,搜索链接,低优先级：有空再把 search 链接换成真实 /maps/place/ 链接,,304,马来西亚,UCSI Block A,已查询,搜索结果第一条命中，建议抽查,Cotti Coffee UCSI Block A - 库迪咖啡,https://www.google.com/maps/search/Cotti+Coffee+UCSI+Block+A+Malaysia,建议人工确认真实 place 链接
低,搜索链接,低优先级：有空再把 search 链接换成真实 /maps/place/ 链接,,305,马来西亚,UOA Business Park,已查询,搜索结果第一条命中，建议抽查,Cotti Coffee 库迪咖啡 -UOA Business Park,https://www.google.com/maps/search/Cotti+Coffee+UOA+Business+Park+Malaysia,建议人工确认真实 place 链接
高,需人工核对,打开 Google Maps，确认真实门店；真实则补 /maps/place/ 链接，不真实则备注 【reject:原因】,真实则补 place 链接；错误则写 【reject:原因】,306,马来西亚,Wisma New Asia,需人工核对,搜索结果第一条不确定（名称/地域与目标门店匹配度低）,Cotti Coffee 库迪咖啡 - Wisma New Asia,https://www.google.com/maps/search/Cotti+Coffee+Wisma+New+Asia+Malaysia,当前状态需要人工确认
低,搜索链接,低优先级：有空再把 search 链接换成真实 /maps/place/ 链接,,306,马来西亚,Wisma New Asia,需人工核对,搜索结果第一条不确定（名称/地域与目标门店匹配度低）,Cotti Coffee 库迪咖啡 - Wisma New Asia,https://www.google.com/maps/search/Cotti+Coffee+Wisma+New+Asia+Malaysia,建议人工确认真实 place 链接
低,搜索链接,低优先级：有空再把 search 链接换成真实 /maps/place/ 链接,,307,马来西亚,Xiamen University Malaysia,已查询,搜索结果第一条命中，建议抽查,Cotti Coffee 库迪咖啡 - Xiamen University,https://www.google.com/maps/search/Cotti+Coffee+Xiamen+University+Malaysia+Malaysia,建议人工确认真实 place 链接
中,Google门店名过泛,确认链接真实后，在 E 列补成人工可识别名称，如 Cotti Coffee - 商场/街道,,308,加拿大,Pacific Mall/太古广场,已查询,,Cotti Coffee,"https://www.google.com/maps/place/Cotti+Coffee/@43.8250082,-79.3474423,13z/data=!4m10!1m2!2m1!1z5aSq5Y-k5bm_5Zy6IGNvdHRp!3m6!1s0x89d4d103465ca9eb:0x43e35941dc3c673!8m2!3d43.8047884!4d-79.2886127!15sChLlpKrlj6Tlub_lnLogY290dGlaFSIT5aSq5Y-kIOW5v-WcuiBjb3R0aZIBC2NvZmZlZV9zaG9wmgEjQ2haRFNVaE5NRzluUzBWUWRXaHJaVmRVTVdaTVdFaEJFQUXgAQD6AQQICxAV!16s%2Fg%2F11x6p809rw?entry=ttu&g_ep=EgoyMDI2MDUyNy4wIKXMDSoASAFQAw%3D%3D",名称只有品牌词，无法辅助判断是否同店
低,历史残留,若底表已删除，保持归档；不参与每周抓取,,308,加拿大,Pacific Mall/太古广场,已查询,,Cotti Coffee,"https://www.google.com/maps/place/Cotti+Coffee/@43.8250082,-79.3474423,13z/data=!4m10!1m2!2m1!1z5aSq5Y-k5bm_5Zy6IGNvdHRp!3m6!1s0x89d4d103465ca9eb:0x43e35941dc3c673!8m2!3d43.8047884!4d-79.2886127!15sChLlpKrlj6Tlub_lnLogY290dGlaFSIT5aSq5Y-kIOW5v-WcuiBjb3R0aZIBC2NvZmZlZV9zaG9wmgEjQ2haRFNVaE5NRzluUzBWUWRXaHJaVmRVTVdaTVdFaEJFQUXgAQD6AQQICxAV!16s%2Fg%2F11x6p809rw?entry=ttu&g_ep=EgoyMDI2MDUyNy4wIKXMDSoASAFQAw%3D%3D",主表有但底表没有；默认周更不再抓取
低,搜索链接,低优先级：有空再把 search 链接换成真实 /maps/place/ 链接,,309,卡塔尔,Abu Sidra Mall,已查询,搜索结果第一条命中，建议抽查,Cotti Coffee - Abu Sidra Mall,https://www.google.com/maps/search/Cotti+Coffee+Abu+Sidra+Mall+%E5%8D%A1%E5%A1%94%E5%B0%94,建议人工确认真实 place 链接
低,历史残留,若底表已删除，保持归档；不参与每周抓取,,309,卡塔尔,Abu Sidra Mall,已查询,搜索结果第一条命中，建议抽查,Cotti Coffee - Abu Sidra Mall,https://www.google.com/maps/search/Cotti+Coffee+Abu+Sidra+Mall+%E5%8D%A1%E5%A1%94%E5%B0%94,主表有但底表没有；默认周更不再抓取
低,搜索链接,低优先级：有空再把 search 链接换成真实 /maps/place/ 链接,,310,卡塔尔,Al Fardan Centre,已查询,搜索结果第一条命中，建议抽查,Cotti Coffee - Al Fardan Centre,https://www.google.com/maps/search/Cotti+Coffee+Al+Fardan+Centre+%E5%8D%A1%E5%A1%94%E5%B0%94,建议人工确认真实 place 链接
低,历史残留,若底表已删除，保持归档；不参与每周抓取,,310,卡塔尔,Al Fardan Centre,已查询,搜索结果第一条命中，建议抽查,Cotti Coffee - Al Fardan Centre,https://www.google.com/maps/search/Cotti+Coffee+Al+Fardan+Centre+%E5%8D%A1%E5%A1%94%E5%B0%94,主表有但底表没有；默认周更不再抓取
低,搜索链接,低优先级：有空再把 search 链接换成真实 /maps/place/ 链接,,311,卡塔尔,Al Fardan Tower West Bay,已查询,搜索结果第一条命中，建议抽查,Cotti Coffee - Al Fardan Tower West Bay,https://www.google.com/maps/search/Cotti+Coffee+Al+Fardan+Tower+West+Bay+%E5%8D%A1%E5%A1%94%E5%B0%94,建议人工确认真实 place 链接
低,历史残留,若底表已删除，保持归档；不参与每周抓取,,311,卡塔尔,Al Fardan Tower West Bay,已查询,搜索结果第一条命中，建议抽查,Cotti Coffee - Al Fardan Tower West Bay,https://www.google.com/maps/search/Cotti+Coffee+Al+Fardan+Tower+West+Bay+%E5%8D%A1%E5%A1%94%E5%B0%94,主表有但底表没有；默认周更不再抓取
低,搜索链接,低优先级：有空再把 search 链接换成真实 /maps/place/ 链接,,312,卡塔尔,Al Jazeera Tower,已查询,搜索结果第一条命中，建议抽查,Cotti Coffee - Al Jazeera Tower,https://www.google.com/maps/search/Cotti+Coffee+Al+Jazeera+Tower+%E5%8D%A1%E5%A1%94%E5%B0%94,建议人工确认真实 place 链接
低,历史残留,若底表已删除，保持归档；不参与每周抓取,,312,卡塔尔,Al Jazeera Tower,已查询,搜索结果第一条命中，建议抽查,Cotti Coffee - Al Jazeera Tower,https://www.google.com/maps/search/Cotti+Coffee+Al+Jazeera+Tower+%E5%8D%A1%E5%A1%94%E5%B0%94,主表有但底表没有；默认周更不再抓取
低,搜索链接,低优先级：有空再把 search 链接换成真实 /maps/place/ 链接,,313,卡塔尔,Al Mansoura,已查询,搜索结果第一条命中，建议抽查,Cotti Coffee - Al Mansoura,https://www.google.com/maps/search/Cotti+Coffee+Al+Mansoura+%E5%8D%A1%E5%A1%94%E5%B0%94,建议人工确认真实 place 链接
低,历史残留,若底表已删除，保持归档；不参与每周抓取,,313,卡塔尔,Al Mansoura,已查询,搜索结果第一条命中，建议抽查,Cotti Coffee - Al Mansoura,https://www.google.com/maps/search/Cotti+Coffee+Al+Mansoura+%E5%8D%A1%E5%A1%94%E5%B0%94,主表有但底表没有；默认周更不再抓取
低,搜索链接,低优先级：有空再把 search 链接换成真实 /maps/place/ 链接,,314,卡塔尔,Al Sadd Metro Station,已查询,搜索结果第一条命中，建议抽查,"Cotti Coffee - Dar Al Salam Mall 4.8(85) · QAR 1–50 咖啡店 · 6FXQ+6VM, Mesaimeer Rd Open · Closes 11 PM  Order online Batteel C",https://www.google.com/maps/search/Cotti+Coffee+Al+Sadd+Metro+Station+%E5%8D%A1%E5%A1%94%E5%B0%94,建议人工确认真实 place 链接
低,历史残留,若底表已删除，保持归档；不参与每周抓取,,314,卡塔尔,Al Sadd Metro Station,已查询,搜索结果第一条命中，建议抽查,"Cotti Coffee - Dar Al Salam Mall 4.8(85) · QAR 1–50 咖啡店 · 6FXQ+6VM, Mesaimeer Rd Open · Closes 11 PM  Order online Batteel C",https://www.google.com/maps/search/Cotti+Coffee+Al+Sadd+Metro+Station+%E5%8D%A1%E5%A1%94%E5%B0%94,主表有但底表没有；默认周更不再抓取
低,搜索链接,低优先级：有空再把 search 链接换成真实 /maps/place/ 链接,,315,卡塔尔,Bin Al Sheikh Towers Doha,已查询,搜索结果第一条命中，建议抽查,Cotti Coffee - Bin Al Sheikh Towers Doha,https://www.google.com/maps/search/Cotti+Coffee+Bin+Al+Sheikh+Towers+Doha+%E5%8D%A1%E5%A1%94%E5%B0%94,建议人工确认真实 place 链接
低,历史残留,若底表已删除，保持归档；不参与每周抓取,,315,卡塔尔,Bin Al Sheikh Towers Doha,已查询,搜索结果第一条命中，建议抽查,Cotti Coffee - Bin Al Sheikh Towers Doha,https://www.google.com/maps/search/Cotti+Coffee+Bin+Al+Sheikh+Towers+Doha+%E5%8D%A1%E5%A1%94%E5%B0%94,主表有但底表没有；默认周更不再抓取
低,搜索链接,低优先级：有空再把 search 链接换成真实 /maps/place/ 链接,,316,卡塔尔,Burj Al Fardan,已查询,搜索结果第一条命中，建议抽查,Cotti Coffee - Burj Al Fardan,https://www.google.com/maps/search/Cotti+Coffee+Burj+Al+Fardan+%E5%8D%A1%E5%A1%94%E5%B0%94,建议人工确认真实 place 链接
低,历史残留,若底表已删除，保持归档；不参与每周抓取,,316,卡塔尔,Burj Al Fardan,已查询,搜索结果第一条命中，建议抽查,Cotti Coffee - Burj Al Fardan,https://www.google.com/maps/search/Cotti+Coffee+Burj+Al+Fardan+%E5%8D%A1%E5%A1%94%E5%B0%94,主表有但底表没有；默认周更不再抓取
低,搜索链接,低优先级：有空再把 search 链接换成真实 /maps/place/ 链接,,317,卡塔尔,City Center Doha,已查询,搜索结果第一条命中，建议抽查,Cotti Coffee - City Center Doha,https://www.google.com/maps/search/Cotti+Coffee+City+Center+Doha+%E5%8D%A1%E5%A1%94%E5%B0%94,建议人工确认真实 place 链接
低,历史残留,若底表已删除，保持归档；不参与每周抓取,,317,卡塔尔,City Center Doha,已查询,搜索结果第一条命中，建议抽查,Cotti Coffee - City Center Doha,https://www.google.com/maps/search/Cotti+Coffee+City+Center+Doha+%E5%8D%A1%E5%A1%94%E5%B0%94,主表有但底表没有；默认周更不再抓取
低,搜索链接,低优先级：有空再把 search 链接换成真实 /maps/place/ 链接,,318,卡塔尔,Dar Al Salam Mall,已查询,搜索结果第一条命中，建议抽查,Cotti Coffee - Dar Al Salam Mall,https://www.google.com/maps/search/Cotti+Coffee+Dar+Al+Salam+Mall+%E5%8D%A1%E5%A1%94%E5%B0%94,建议人工确认真实 place 链接
低,历史残留,若底表已删除，保持归档；不参与每周抓取,,318,卡塔尔,Dar Al Salam Mall,已查询,搜索结果第一条命中，建议抽查,Cotti Coffee - Dar Al Salam Mall,https://www.google.com/maps/search/Cotti+Coffee+Dar+Al+Salam+Mall+%E5%8D%A1%E5%A1%94%E5%B0%94,主表有但底表没有；默认周更不再抓取
低,历史残留,若底表已删除，保持归档；不参与每周抓取,,319,卡塔尔,Doha Mall,已查询,,Cotti Coffee - Doha Mall,"https://www.google.com/maps/place/Cotti+Coffee+-+Doha+Mall/@25.2330861,51.4655612,13z/data=!4m10!1m2!2m1!1sDoha+Mall+cotti!3m6!1s0x3e45d100702b50f7:0x6696816052190023!8m2!3d25.2337774!4d51.5068483!15sCg9Eb2hhIE1hbGwgY290dGlaESIPZG9oYSBtYWxsIGNvdHRpkgELY29mZmVlX3Nob3DgAQA!16s%2Fg%2F11xkxw1s73?entry=ttu&g_ep=EgoyMDI2MDUxMy4wIKXMDSoASAFQAw%3D%3D",主表有但底表没有；默认周更不再抓取
低,搜索链接,低优先级：有空再把 search 链接换成真实 /maps/place/ 链接,,320,卡塔尔,Dragon Mart,已查询,搜索结果第一条命中，建议抽查,Cotti Coffee - Dragon Mart,https://www.google.com/maps/search/Cotti+Coffee+Dragon+Mart+%E5%8D%A1%E5%A1%94%E5%B0%94,建议人工确认真实 place 链接
低,历史残留,若底表已删除，保持归档；不参与每周抓取,,320,卡塔尔,Dragon Mart,已查询,搜索结果第一条命中，建议抽查,Cotti Coffee - Dragon Mart,https://www.google.com/maps/search/Cotti+Coffee+Dragon+Mart+%E5%8D%A1%E5%A1%94%E5%B0%94,主表有但底表没有；默认周更不再抓取
低,搜索链接,低优先级：有空再把 search 链接换成真实 /maps/place/ 链接,,321,卡塔尔,Ezdan Mall Al Gharaffa,已查询,搜索结果第一条命中，建议抽查,Cotti Coffee - Ezdan Mall Al Gharaffa,https://www.google.com/maps/search/Cotti+Coffee+Ezdan+Mall+Al+Gharaffa+%E5%8D%A1%E5%A1%94%E5%B0%94,建议人工确认真实 place 链接
低,历史残留,若底表已删除，保持归档；不参与每周抓取,,321,卡塔尔,Ezdan Mall Al Gharaffa,已查询,搜索结果第一条命中，建议抽查,Cotti Coffee - Ezdan Mall Al Gharaffa,https://www.google.com/maps/search/Cotti+Coffee+Ezdan+Mall+Al+Gharaffa+%E5%8D%A1%E5%A1%94%E5%B0%94,主表有但底表没有；默认周更不再抓取
中,Google门店名过泛,确认链接真实后，在 E 列补成人工可识别名称，如 Cotti Coffee - 商场/街道,,322,卡塔尔,Ezdan Mall Al Wakra,已查询,搜索结果第一条命中，建议抽查,Cotti Coffee,https://www.google.com/maps/search/Cotti+Coffee+Ezdan+Mall+Al+Wakra+%E5%8D%A1%E5%A1%94%E5%B0%94,名称只有品牌词，无法辅助判断是否同店
低,搜索链接,低优先级：有空再把 search 链接换成真实 /maps/place/ 链接,,322,卡塔尔,Ezdan Mall Al Wakra,已查询,搜索结果第一条命中，建议抽查,Cotti Coffee,https://www.google.com/maps/search/Cotti+Coffee+Ezdan+Mall+Al+Wakra+%E5%8D%A1%E5%A1%94%E5%B0%94,建议人工确认真实 place 链接
低,历史残留,若底表已删除，保持归档；不参与每周抓取,,322,卡塔尔,Ezdan Mall Al Wakra,已查询,搜索结果第一条命中，建议抽查,Cotti Coffee,https://www.google.com/maps/search/Cotti+Coffee+Ezdan+Mall+Al+Wakra+%E5%8D%A1%E5%A1%94%E5%B0%94,主表有但底表没有；默认周更不再抓取
低,搜索链接,低优先级：有空再把 search 链接换成真实 /maps/place/ 链接,,323,卡塔尔,Gewan Island Qatar,已查询,搜索结果第一条命中，建议抽查,Cotti Coffee - Gewan Island Qatar,https://www.google.com/maps/search/Cotti+Coffee+Gewan+Island+Qatar+%E5%8D%A1%E5%A1%94%E5%B0%94,建议人工确认真实 place 链接
低,历史残留,若底表已删除，保持归档；不参与每周抓取,,323,卡塔尔,Gewan Island Qatar,已查询,搜索结果第一条命中，建议抽查,Cotti Coffee - Gewan Island Qatar,https://www.google.com/maps/search/Cotti+Coffee+Gewan+Island+Qatar+%E5%8D%A1%E5%A1%94%E5%B0%94,主表有但底表没有；默认周更不再抓取
低,搜索链接,低优先级：有空再把 search 链接换成真实 /maps/place/ 链接,,324,卡塔尔,Gulf Mall Doha,已查询,搜索结果第一条命中，建议抽查,Cotti Coffee - Gulf Mall Doha,https://www.google.com/maps/search/Cotti+Coffee+Gulf+Mall+Doha+%E5%8D%A1%E5%A1%94%E5%B0%94,建议人工确认真实 place 链接
低,历史残留,若底表已删除，保持归档；不参与每周抓取,,324,卡塔尔,Gulf Mall Doha,已查询,搜索结果第一条命中，建议抽查,Cotti Coffee - Gulf Mall Doha,https://www.google.com/maps/search/Cotti+Coffee+Gulf+Mall+Doha+%E5%8D%A1%E5%A1%94%E5%B0%94,主表有但底表没有；默认周更不再抓取
低,搜索链接,低优先级：有空再把 search 链接换成真实 /maps/place/ 链接,,325,卡塔尔,Lagoona Mall Doha,已查询,搜索结果第一条命中，建议抽查,Cotti Coffee - Lagoona Mall Doha,https://www.google.com/maps/search/Cotti+Coffee+Lagoona+Mall+Doha+%E5%8D%A1%E5%A1%94%E5%B0%94,建议人工确认真实 place 链接
低,历史残留,若底表已删除，保持归档；不参与每周抓取,,325,卡塔尔,Lagoona Mall Doha,已查询,搜索结果第一条命中，建议抽查,Cotti Coffee - Lagoona Mall Doha,https://www.google.com/maps/search/Cotti+Coffee+Lagoona+Mall+Doha+%E5%8D%A1%E5%A1%94%E5%B0%94,主表有但底表没有；默认周更不再抓取
低,搜索链接,低优先级：有空再把 search 链接换成真实 /maps/place/ 链接,,326,卡塔尔,Lulu Al Hilal,已查询,搜索结果第一条命中，建议抽查,Cotti Coffee - Lulu Al Hilal,https://www.google.com/maps/search/Cotti+Coffee+Lulu+Al+Hilal+%E5%8D%A1%E5%A1%94%E5%B0%94,建议人工确认真实 place 链接
低,历史残留,若底表已删除，保持归档；不参与每周抓取,,326,卡塔尔,Lulu Al Hilal,已查询,搜索结果第一条命中，建议抽查,Cotti Coffee - Lulu Al Hilal,https://www.google.com/maps/search/Cotti+Coffee+Lulu+Al+Hilal+%E5%8D%A1%E5%A1%94%E5%B0%94,主表有但底表没有；默认周更不再抓取
低,搜索链接,低优先级：有空再把 search 链接换成真实 /maps/place/ 链接,,327,卡塔尔,Lulu Barwa Madinatna,已查询,搜索结果第一条命中，建议抽查,Cotti Coffee - Lulu Al Hilal,https://www.google.com/maps/search/Cotti+Coffee+Lulu+Barwa+Madinatna+%E5%8D%A1%E5%A1%94%E5%B0%94,建议人工确认真实 place 链接
低,历史残留,若底表已删除，保持归档；不参与每周抓取,,327,卡塔尔,Lulu Barwa Madinatna,已查询,搜索结果第一条命中，建议抽查,Cotti Coffee - Lulu Al Hilal,https://www.google.com/maps/search/Cotti+Coffee+Lulu+Barwa+Madinatna+%E5%8D%A1%E5%A1%94%E5%B0%94,主表有但底表没有；默认周更不再抓取
低,搜索链接,低优先级：有空再把 search 链接换成真实 /maps/place/ 链接,,328,卡塔尔,Mall of Qatar,已查询,搜索结果第一条命中，建议抽查,Cotti Coffee - Mall Of Qatar,https://www.google.com/maps/search/Cotti+Coffee+Mall+of+Qatar+%E5%8D%A1%E5%A1%94%E5%B0%94,建议人工确认真实 place 链接
低,历史残留,若底表已删除，保持归档；不参与每周抓取,,328,卡塔尔,Mall of Qatar,已查询,搜索结果第一条命中，建议抽查,Cotti Coffee - Mall Of Qatar,https://www.google.com/maps/search/Cotti+Coffee+Mall+of+Qatar+%E5%8D%A1%E5%A1%94%E5%B0%94,主表有但底表没有；默认周更不再抓取
低,搜索链接,低优先级：有空再把 search 链接换成真实 /maps/place/ 链接,,329,卡塔尔,New Rayyan Woqod,已查询,搜索结果第一条命中，建议抽查,Cotti Coffee - New Rayyan Woqod,https://www.google.com/maps/search/Cotti+Coffee+New+Rayyan+Woqod+%E5%8D%A1%E5%A1%94%E5%B0%94,建议人工确认真实 place 链接
低,历史残留,若底表已删除，保持归档；不参与每周抓取,,329,卡塔尔,New Rayyan Woqod,已查询,搜索结果第一条命中，建议抽查,Cotti Coffee - New Rayyan Woqod,https://www.google.com/maps/search/Cotti+Coffee+New+Rayyan+Woqod+%E5%8D%A1%E5%A1%94%E5%B0%94,主表有但底表没有；默认周更不再抓取
低,搜索链接,低优先级：有空再把 search 链接换成真实 /maps/place/ 链接,,330,卡塔尔,Qanat Quatier The Pearl,已查询,搜索结果第一条命中，建议抽查,Cotti Coffee - Qanat Quatier The Pearl,https://www.google.com/maps/search/Cotti+Coffee+Qanat+Quatier+The+Pearl+%E5%8D%A1%E5%A1%94%E5%B0%94,建议人工确认真实 place 链接
低,历史残留,若底表已删除，保持归档；不参与每周抓取,,330,卡塔尔,Qanat Quatier The Pearl,已查询,搜索结果第一条命中，建议抽查,Cotti Coffee - Qanat Quatier The Pearl,https://www.google.com/maps/search/Cotti+Coffee+Qanat+Quatier+The+Pearl+%E5%8D%A1%E5%A1%94%E5%B0%94,主表有但底表没有；默认周更不再抓取
低,搜索链接,低优先级：有空再把 search 链接换成真实 /maps/place/ 链接,,331,卡塔尔,Qatar University Metro Station,已查询,搜索结果第一条命中，建议抽查,Cotti Coffee - Gewan Island Qatar,https://www.google.com/maps/search/Cotti+Coffee+Qatar+University+Metro+Station+%E5%8D%A1%E5%A1%94%E5%B0%94,建议人工确认真实 place 链接
低,历史残留,若底表已删除，保持归档；不参与每周抓取,,331,卡塔尔,Qatar University Metro Station,已查询,搜索结果第一条命中，建议抽查,Cotti Coffee - Gewan Island Qatar,https://www.google.com/maps/search/Cotti+Coffee+Qatar+University+Metro+Station+%E5%8D%A1%E5%A1%94%E5%B0%94,主表有但底表没有；默认周更不再抓取
低,搜索链接,低优先级：有空再把 search 链接换成真实 /maps/place/ 链接,,332,卡塔尔,Tawar Mall,已查询,搜索结果第一条命中，建议抽查,Cotti Coffee - Tawar Mall,https://www.google.com/maps/search/Cotti+Coffee+Tawar+Mall+%E5%8D%A1%E5%A1%94%E5%B0%94,建议人工确认真实 place 链接
低,历史残留,若底表已删除，保持归档；不参与每周抓取,,332,卡塔尔,Tawar Mall,已查询,搜索结果第一条命中，建议抽查,Cotti Coffee - Tawar Mall,https://www.google.com/maps/search/Cotti+Coffee+Tawar+Mall+%E5%8D%A1%E5%A1%94%E5%B0%94,主表有但底表没有；默认周更不再抓取
低,搜索链接,低优先级：有空再把 search 链接换成真实 /maps/place/ 链接,,333,卡塔尔,Tornado Dune Plaza Doha,已查询,搜索结果第一条命中，建议抽查,COTTI COFFEE -Tornado Dune Plaza,https://www.google.com/maps/search/Cotti+Coffee+Tornado+Dune+Plaza+Doha+%E5%8D%A1%E5%A1%94%E5%B0%94,建议人工确认真实 place 链接
低,历史残留,若底表已删除，保持归档；不参与每周抓取,,333,卡塔尔,Tornado Dune Plaza Doha,已查询,搜索结果第一条命中，建议抽查,COTTI COFFEE -Tornado Dune Plaza,https://www.google.com/maps/search/Cotti+Coffee+Tornado+Dune+Plaza+Doha+%E5%8D%A1%E5%A1%94%E5%B0%94,主表有但底表没有；默认周更不再抓取
低,搜索链接,低优先级：有空再把 search 链接换成真实 /maps/place/ 链接,,334,卡塔尔,Tourist Hotel,已查询,搜索结果第一条命中，建议抽查,"Cotti Coffee - City Center Doha 4.5(178) · QAR 1–50 咖啡店 · City Center Doha Shopping Mall, Conference Centre Open · Closes 12:",https://www.google.com/maps/search/Cotti+Coffee+%22Tourisaint+Hotel%22+%E5%8D%A1%E5%A1%94%E5%B0%94,建议人工确认真实 place 链接
低,历史残留,若底表已删除，保持归档；不参与每周抓取,,334,卡塔尔,Tourist Hotel,已查询,搜索结果第一条命中，建议抽查,"Cotti Coffee - City Center Doha 4.5(178) · QAR 1–50 咖啡店 · City Center Doha Shopping Mall, Conference Centre Open · Closes 12:",https://www.google.com/maps/search/Cotti+Coffee+%22Tourisaint+Hotel%22+%E5%8D%A1%E5%A1%94%E5%B0%94,主表有但底表没有；默认周更不再抓取
低,历史残留,若底表已删除，保持归档；不参与每周抓取,,335,卡塔尔,UDC Tower Doha,已查询,,Cotti Coffee - UDC Tower Doha,"https://www.google.com/maps/place/Cotti+Coffee+-+UDC+Tower+Doha/@25.3712891,51.5331021,17z/data=!3m1!4b1!4m6!3m5!1s0x3e45c30018d606c5:0x8f682a1ff03ab7e4!8m2!3d25.3712891!4d51.5331021!16s%2Fg%2F11lv4vfppc?entry=ttu&g_ep=EgoyMDI2MDUwNi4wIKXMDSoASAFQAw%3D%3D",主表有但底表没有；默认周更不再抓取
低,搜索链接,低优先级：有空再把 search 链接换成真实 /maps/place/ 链接,,336,卡塔尔,West Walk Doha,已查询,搜索结果第一条命中，建议抽查,Cotti Coffee - West Walk Doha,https://www.google.com/maps/search/Cotti+Coffee+West+Walk+Doha+%E5%8D%A1%E5%A1%94%E5%B0%94,建议人工确认真实 place 链接
低,历史残留,若底表已删除，保持归档；不参与每周抓取,,336,卡塔尔,West Walk Doha,已查询,搜索结果第一条命中，建议抽查,Cotti Coffee - West Walk Doha,https://www.google.com/maps/search/Cotti+Coffee+West+Walk+Doha+%E5%8D%A1%E5%A1%94%E5%B0%94,主表有但底表没有；默认周更不再抓取
低,搜索链接,低优先级：有空再把 search 链接换成真实 /maps/place/ 链接,,337,卡塔尔,Woqod Al Wakra,已查询,搜索结果第一条命中，建议抽查,Cotti Coffee - Woqod Al Wakra,https://www.google.com/maps/search/Cotti+Coffee+Woqod+Al+Wakra+%E5%8D%A1%E5%A1%94%E5%B0%94,建议人工确认真实 place 链接
低,历史残留,若底表已删除，保持归档；不参与每周抓取,,337,卡塔尔,Woqod Al Wakra,已查询,搜索结果第一条命中，建议抽查,Cotti Coffee - Woqod Al Wakra,https://www.google.com/maps/search/Cotti+Coffee+Woqod+Al+Wakra+%E5%8D%A1%E5%A1%94%E5%B0%94,主表有但底表没有；默认周更不再抓取
低,搜索链接,低优先级：有空再把 search 链接换成真实 /maps/place/ 链接,,338,卡塔尔,Woqod Wadi Al Banat,已查询,搜索结果第一条命中，建议抽查,Cotti Coffee - Woqod Wadi Al Banat,https://www.google.com/maps/search/Cotti+Coffee+Woqod+Wadi+Al+Banat+%E5%8D%A1%E5%A1%94%E5%B0%94,建议人工确认真实 place 链接
低,历史残留,若底表已删除，保持归档；不参与每周抓取,,338,卡塔尔,Woqod Wadi Al Banat,已查询,搜索结果第一条命中，建议抽查,Cotti Coffee - Woqod Wadi Al Banat,https://www.google.com/maps/search/Cotti+Coffee+Woqod+Wadi+Al+Banat+%E5%8D%A1%E5%A1%94%E5%B0%94,主表有但底表没有；默认周更不再抓取
低,历史残留,若底表已删除，保持归档；不参与每周抓取,,340,印度尼西亚,FX Sudirman,已查询,,Cotti Coffee - FX Sudirman,"https://www.google.com/maps/place/Cotti+Coffee+-+FX+Sudirman/@-6.2246039,106.80401,17z/data=!3m1!4b1!4m6!3m5!1s0x2e69f17230f149e3:0x37d6f7575f7e0c2!8m2!3d-6.2246039!4d106.80401!16s%2Fg%2F11x2v6lwpj?entry=ttu&g_ep=EgoyMDI2MDUwMi4wIKXMDSoASAFQAw%3D%3D",主表有但底表没有；默认周更不再抓取
高,需人工核对,打开 Google Maps，确认真实门店；真实则补 /maps/place/ 链接，不真实则备注 【reject:原因】,真实则补 place 链接；错误则写 【reject:原因】,342,越南,Golden Plaza,需人工核对,「reject」门店名称疑似非 Cotti，可能误命中其它POI（解析到: - Golden Plaza）；建议加 --headful 补跑本行。,暂停营业,"https://www.google.com/maps/place/-+Golden+Plaza/@10.7534574,106.5723192,12z/data=!4m10!1m2!2m1!1sGolden+Plaza+cotti!3m6!1s0x31752f001f384c81:0x32c35db199c380dd!8m2!3d10.7530064!4d106.655033!15sChJHb2xkZW4gUGxhemEgY290dGlaFCISZ29sZGVuIHBsYXphIGNvdHRpkgELY29mZmVlX3Nob3CaASRDaGREU1VoTk1HOW5TMFZKUTBGblNVTXpPVWxoVWpSQlJSQULgAQD6AQQIABAs!16s%2Fg%2F11wh1sz6fg?entry=ttu&g_ep=EgoyMDI2MDUxMy4wIKXMDSoASAFQAw%3D%3D",当前状态需要人工确认
高,reject备注,确认这是错误候选；保留 【reject:原因】，周更会同步进负样本库,【reject:误命中】,342,越南,Golden Plaza,需人工核对,「reject」门店名称疑似非 Cotti，可能误命中其它POI（解析到: - Golden Plaza）；建议加 --headful 补跑本行。,暂停营业,"https://www.google.com/maps/place/-+Golden+Plaza/@10.7534574,106.5723192,12z/data=!4m10!1m2!2m1!1sGolden+Plaza+cotti!3m6!1s0x31752f001f384c81:0x32c35db199c380dd!8m2!3d10.7530064!4d106.655033!15sChJHb2xkZW4gUGxhemEgY290dGlaFCISZ29sZGVuIHBsYXphIGNvdHRpkgELY29mZmVlX3Nob3CaASRDaGREU1VoTk1HOW5TMFZKUTBGblNVTXpPVWxoVWpSQlJSQULgAQD6AQQIABAs!16s%2Fg%2F11wh1sz6fg?entry=ttu&g_ep=EgoyMDI2MDUxMy4wIKXMDSoASAFQAw%3D%3D",请确认是否已进入负样本库
低,历史残留,若底表已删除，保持归档；不参与每周抓取,,342,越南,Golden Plaza,需人工核对,「reject」门店名称疑似非 Cotti，可能误命中其它POI（解析到: - Golden Plaza）；建议加 --headful 补跑本行。,暂停营业,"https://www.google.com/maps/place/-+Golden+Plaza/@10.7534574,106.5723192,12z/data=!4m10!1m2!2m1!1sGolden+Plaza+cotti!3m6!1s0x31752f001f384c81:0x32c35db199c380dd!8m2!3d10.7530064!4d106.655033!15sChJHb2xkZW4gUGxhemEgY290dGlaFCISZ29sZGVuIHBsYXphIGNvdHRpkgELY29mZmVlX3Nob3CaASRDaGREU1VoTk1HOW5TMFZKUTBGblNVTXpPVWxoVWpSQlJSQULgAQD6AQQIABAs!16s%2Fg%2F11wh1sz6fg?entry=ttu&g_ep=EgoyMDI2MDUxMy4wIKXMDSoASAFQAw%3D%3D",主表有但底表没有；默认周更不再抓取
低,搜索链接,低优先级：有空再把 search 链接换成真实 /maps/place/ 链接,,343,越南,Võ Văn Tần,已查询,搜索结果第一条命中，建议抽查,COTTI COFFEE - VÕ VĂN TẦN,https://www.google.com/maps/search/Cotti+Coffee+V%C3%B5+V%C4%83n+T%E1%BA%A7n+Vietnam,建议人工确认真实 place 链接
低,历史残留,若底表已删除，保持归档；不参与每周抓取,,343,越南,Võ Văn Tần,已查询,搜索结果第一条命中，建议抽查,COTTI COFFEE - VÕ VĂN TẦN,https://www.google.com/maps/search/Cotti+Coffee+V%C3%B5+V%C4%83n+T%E1%BA%A7n+Vietnam,主表有但底表没有；默认周更不再抓取
低,历史残留,若底表已删除，保持归档；不参与每周抓取,,344,印度尼西亚,Cipete Raya,已查询,,COTTI COFFEE-Cipete Raya,"https://www.google.com/maps/place/COTTI+COFFEE-Cipete+Raya/@-6.2775626,106.8015531,17z/data=!3m1!4b1!4m6!3m5!1s0x2e69f100179e82b1:0xea8b513387181987!8m2!3d-6.2775626!4d106.8015531!16s%2Fg%2F11vm5xqzf2?entry=ttu&g_ep=EgoyMDI2MDUwMi4wIKXMDSoASAFQAw%3D%3D",主表有但底表没有；默认周更不再抓取
低,历史残留,若底表已删除，保持归档；不参与每周抓取,,345,印度尼西亚,Nusa Corner,已查询,,Cotti Coffee - Nusa Corner,"https://www.google.com/maps/place/Cotti+Coffee+-+Nusa+Corner/@-6.2082885,106.8211798,17z/data=!3m1!4b1!4m6!3m5!1s0x2e69f5f9051945af:0x94de513f8770ffd6!8m2!3d-6.2082885!4d106.8211798!16s%2Fg%2F11ygs0rhg1?entry=ttu&g_ep=EgoyMDI2MDUwMi4wIKXMDSoASAFQAw%3D%3D",主表有但底表没有；默认周更不再抓取
中,Google门店名过泛,确认链接真实后，在 E 列补成人工可识别名称，如 Cotti Coffee - 商场/街道,,346,日本,心斎橋店,已查询,,Cotti Coffee,"https://www.google.com/maps/place/Cotti+Coffee/@34.6775308,135.5015425,17z/data=!3m1!4b1!4m6!3m5!1s0x6000e70016b277d9:0xe7a70d41d8523349!8m2!3d34.6775308!4d135.5015425!16s%2Fg%2F11vr2f4gs7?entry=ttu&g_ep=EgoyMDI2MDUxMy4wIKXMDSoASAFQAw%3D%3D",名称只有品牌词，无法辅助判断是否同店
低,历史残留,若底表已删除，保持归档；不参与每周抓取,,346,日本,心斎橋店,已查询,,Cotti Coffee,"https://www.google.com/maps/place/Cotti+Coffee/@34.6775308,135.5015425,17z/data=!3m1!4b1!4m6!3m5!1s0x6000e70016b277d9:0xe7a70d41d8523349!8m2!3d34.6775308!4d135.5015425!16s%2Fg%2F11vr2f4gs7?entry=ttu&g_ep=EgoyMDI2MDUxMy4wIKXMDSoASAFQAw%3D%3D",主表有但底表没有；默认周更不再抓取
高,需人工核对,打开 Google Maps，确认真实门店；真实则补 /maps/place/ 链接，不真实则备注 【reject:原因】,真实则补 place 链接；错误则写 【reject:原因】,347,日本,難波店,需人工核对,门店名称疑似非 Cotti，可能误命中其它POI（解析到: Results）；建议加 --headful 补跑本行。,,"google.com/maps/place/Cotti+Coffee+大阪難波店+コッティコーヒー/@35.1962641,137.6331062,8z/data=!4m10!1m2!2m1!1zQ290dGkgQ29mZmVlIOmbo-azouW6lyBKYXBhbg!3m6!1s0x6000e7a18b2152e9:0xbfacc9ba3fd1e8d8!8m2!3d34.6690893!4d135.4936538!15sChxDb3R0aSBDb2ZmZWUg6Zuj5rOi5bqXIEphcGFuWh8iHWNvdHRpIGNvZmZlZSDpm6Pms6Ig5bqXIGphcGFukgEEY2FmZZoBRENpOURRVWxSUVVOdlpFTm9kSGxqUmpsdlQyczFkV0ZVVG05UFNGWTFaVmRLUkZScmNGbGtNVm93V201V1ZWVkdSUkFC4AEA-gEECAAQFw!16s%2Fg%2F11mdv_n324?entry=ttu&g_ep=EgoyMDI2MDUxMy4wIKXMDSoASAFQAw%3D%3D",当前状态需要人工确认
低,历史残留,若底表已删除，保持归档；不参与每周抓取,,347,日本,難波店,需人工核对,门店名称疑似非 Cotti，可能误命中其它POI（解析到: Results）；建议加 --headful 补跑本行。,,"google.com/maps/place/Cotti+Coffee+大阪難波店+コッティコーヒー/@35.1962641,137.6331062,8z/data=!4m10!1m2!2m1!1zQ290dGkgQ29mZmVlIOmbo-azouW6lyBKYXBhbg!3m6!1s0x6000e7a18b2152e9:0xbfacc9ba3fd1e8d8!8m2!3d34.6690893!4d135.4936538!15sChxDb3R0aSBDb2ZmZWUg6Zuj5rOi5bqXIEphcGFuWh8iHWNvdHRpIGNvZmZlZSDpm6Pms6Ig5bqXIGphcGFukgEEY2FmZZoBRENpOURRVWxSUVVOdlpFTm9kSGxqUmpsdlQyczFkV0ZVVG05UFNGWTFaVmRLUkZScmNGbGtNVm93V201V1ZWVkdSUkFC4AEA-gEECAAQFw!16s%2Fg%2F11mdv_n324?entry=ttu&g_ep=EgoyMDI2MDUxMy4wIKXMDSoASAFQAw%3D%3D",主表有但底表没有；默认周更不再抓取
低,历史残留,若底表已删除，保持归档；不参与每周抓取,,348,日本,宗右衛門店,已查询,补漏query命中: Cotti Coffee 宗右衛門店 Japan,Cotti Coffee 大阪宗右衛門店 コッティコーヒー,"https://www.google.com/maps/place/Cotti+Coffee+%E5%A4%A7%E9%98%AA%E5%AE%97%E5%8F%B3%E8%A1%9B%E9%96%80%E5%BA%97+%E3%82%B3%E3%83%83%E3%83%86%E3%82%A3%E3%82%B3%E3%83%BC%E3%83%92%E3%83%BC/@34.6702321,135.5059983,17z/data=!3m1!4b1!4m6!3m5!1s0x6000e7ecf721d561:0x34fe50b74788e5cf!8m2!3d34.6702321!4d135.5059983!16s%2Fg%2F11zhrvp63w?entry=ttu&g_ep=EgoyMDI2MDUxMy4wIKXMDSoASAFQAw%3D%3D",主表有但底表没有；默认周更不再抓取
高,需人工核对,打开 Google Maps，确认真实门店；真实则补 /maps/place/ 链接，不真实则备注 【reject:原因】,真实则补 place 链接；错误则写 【reject:原因】,349,澳大利亚,Eastgardens,需人工核对,门店名称疑似非 Cotti，可能误命中其它POI（解析到: Results）；建议加 --headful 补跑本行。,,https://www.google.com/maps/search/Cotti+Coffee+Eastgardens+Australia,当前状态需要人工确认
低,搜索链接,低优先级：有空再把 search 链接换成真实 /maps/place/ 链接,,349,澳大利亚,Eastgardens,需人工核对,门店名称疑似非 Cotti，可能误命中其它POI（解析到: Results）；建议加 --headful 补跑本行。,,https://www.google.com/maps/search/Cotti+Coffee+Eastgardens+Australia,建议人工确认真实 place 链接
低,历史残留,若底表已删除，保持归档；不参与每周抓取,,349,澳大利亚,Eastgardens,需人工核对,门店名称疑似非 Cotti，可能误命中其它POI（解析到: Results）；建议加 --headful 补跑本行。,,https://www.google.com/maps/search/Cotti+Coffee+Eastgardens+Australia,主表有但底表没有；默认周更不再抓取
低,搜索链接,低优先级：有空再把 search 链接换成真实 /maps/place/ 链接,,350,美国,chinatown,已查询,搜索结果第一条命中，建议抽查；补漏query命中: Cotti Coffee chinatown United States,Cotti Coffee - Chinatown,https://www.google.com/maps/search/Cotti+Coffee+chinatown+United+States,建议人工确认真实 place 链接
低,历史残留,若底表已删除，保持归档；不参与每周抓取,,350,美国,chinatown,已查询,搜索结果第一条命中，建议抽查；补漏query命中: Cotti Coffee chinatown United States,Cotti Coffee - Chinatown,https://www.google.com/maps/search/Cotti+Coffee+chinatown+United+States,主表有但底表没有；默认周更不再抓取
